iso3,country,year,Maternal Mortality Ratio,Skilled Birth Attendance,Fertility Rate,Adolescent Fertility Rate,"Poverty ($2.15/day, %)",Gov Health Expenditure (% GDP),Female Literacy,Adult Literacy,Rural Population
AGO,Angola,2000,659.0,17.42679775,6.639,147.693,27.0,0.98097837,54.189998626709,67.4100036621094,49.4929346515803
AGO,Angola,2001,629.0,17.24606934,6.601,147.253,27.0,1.80684185,54.189998626709,67.4100036621094,48.2775209592671
AGO,Angola,2002,602.0,17.04418266,6.567,150.196,27.0,1.15548134,54.189998626709,67.4100036621094,47.1073765205962
AGO,Angola,2003,538.0,16.8530276,6.533,152.242,27.0,1.28335834,54.189998626709,67.4100036621094,45.9956454629239
AGO,Angola,2004,499.0,16.66775905,6.499,155.118,27.0,1.4713583,54.189998626709,67.4100036621094,44.9554719136064
AGO,Angola,2005,462.0,16.47883216,6.461,157.066,27.0,1.14204562,54.189998626709,67.4100036621094,44.0
AGO,Angola,2006,437.0,16.32010247,6.419,158.737,27.0,1.28968012,54.189998626709,67.4100036621094,43.1060967337228
AGO,Angola,2007,401.0,16.17224567,6.372,159.675,27.0,1.53876388,54.189998626709,67.4100036621094,42.2435367069867
AGO,Angola,2008,372.0,16.05290794,6.32,160.424,22.1,1.91652381,54.189998626709,67.4100036621094,41.4148254180386
AGO,Angola,2009,348.0,15.94553025,6.26,162.773,22.1,2.23769045,54.189998626709,67.4100036621094,40.6224683651256
AGO,Angola,2010,321.0,15.8500405,6.194,160.204,22.1,1.46826649,54.189998626709,67.4100036621094,39.8689710464947
AGO,Angola,2011,301.0,15.76954708,6.12,157.573,22.1,1.52542961,54.189998626709,67.4100036621094,39.1568389603927
AGO,Angola,2012,278.0,15.68261352,6.039,155.512,22.1,1.39434171,54.189998626709,67.4100036621094,38.4885776050668
AGO,Angola,2013,267.0,15.60464361,5.953,153.536,22.1,1.5071826,54.189998626709,67.4100036621094,37.8666924787639
AGO,Angola,2014,262.0,15.53945237,5.864,151.577,22.1,1.16797769,53.4099998474121,66.0299987792969,37.276884206759
AGO,Angola,2015,249.0,15.51838468,5.774,150.244,22.1,1.08924341,51.9300003051758,66.2399978637695,36.48432167315
AGO,Angola,2016,236.0,15.51598932,5.686,148.905,22.1,1.05520773,51.9300003051758,66.2399978637695,35.7007697482011
AGO,Angola,2017,220.0,15.53096316,5.6,147.407,22.1,1.12824702,51.9300003051758,66.2399978637695,34.9149474913932
AGO,Angola,2018,208.0,15.54323334,5.519,146.305,39.3,0.97981894,51.9300003051758,66.2399978637695,34.1267863276628
AGO,Angola,2019,202.0,15.5414908,5.442,145.094,39.3,1.00303984,51.9300003051758,66.2399978637695,33.3362176819467
AGO,Angola,2020,195.0,15.52779066,5.371,144.329,39.3,1.46055436,51.9300003051758,66.2399978637695,32.5431729791813
AGO,Angola,2021,211.0,15.52779066,5.304,143.383,39.3,1.51676536,51.9300003051758,66.2399978637695,31.7475836443031
AGO,Angola,2022,185.0,15.52779066,5.209,141.978,39.3,1.30711842,51.9300003051758,66.2399978637695,30.9493811022487
AGO,Angola,2023,183.0,15.52779066,5.124,140.84,39.3,1.1340301,54.3699989318848,68.1800003051758,30.1484967779543
BDI,Burundi,2000,860.0,15.63853732,6.872,81.877,81.5,1.46507239,52.2400016784668,59.2999992370605,91.956185501668
BDI,Burundi,2001,799.0,15.59952717,6.849,81.718,81.5,1.69244206,52.2400016784668,59.2999992370605,91.7589269133191
BDI,Burundi,2002,743.0,15.56616979,6.819,83.48,81.5,1.5355022,52.2400016784668,59.2999992370605,91.5489172258491
BDI,Burundi,2003,705.0,15.53114728,6.785,85.006,81.5,1.35508084,52.2400016784668,59.2999992370605,91.3238566061421
BDI,Burundi,2004,687.0,15.49421624,6.746,83.988,81.5,2.3681941,52.2400016784668,59.2999992370605,91.0814452210824
BDI,Burundi,2005,685.0,15.44911504,6.708,81.046,81.5,2.06248069,52.2400016784668,59.2999992370605,90.8193832375541
BDI,Burundi,2006,670.0,15.39329585,6.659,78.029,81.5,2.36401343,52.2400016784668,59.2999992370605,90.5353708224414
BDI,Burundi,2007,655.0,15.33892552,6.588,75.319,81.5,2.46383238,52.2400016784668,59.2999992370605,90.2271081426285
BDI,Burundi,2008,635.0,15.28578186,6.515,72.445,81.5,1.5591383,43.1599998474121,48.0800018310547,89.8935646616965
BDI,Burundi,2009,612.0,15.23796697,6.409,76.535,81.5,2.08079624,43.1599998474121,48.0800018310547,89.5020099565518
BDI,Burundi,2010,614.0,15.18630295,6.26,77.842,81.5,1.9852922,43.1599998474121,48.0800018310547,89.0156902664513
BDI,Burundi,2011,597.0,15.13173531,6.108,75.565,81.5,3.47107577,43.1599998474121,48.0800018310547,88.4383347769994
BDI,Burundi,2012,575.0,15.08527363,5.991,72.048,81.5,2.66949105,43.1599998474121,48.0800018310547,87.7755403195385
BDI,Burundi,2013,555.0,15.03630739,5.889,67.548,75.8,1.54086971,43.1599998474121,48.0800018310547,87.0329037254108
BDI,Burundi,2014,533.0,14.99738274,5.794,64.713,75.8,2.78679872,54.6199989318848,61.2900009155273,86.2160218259587
BDI,Burundi,2015,525.0,14.97183445,5.695,62.718,75.8,2.4195447,54.6199989318848,61.2900009155273,85.3304914525246
BDI,Burundi,2016,501.0,14.94092705,5.587,60.404,75.8,2.23587942,59.439998626709,65.6900024414062,84.3819094364506
BDI,Burundi,2017,482.0,14.91600338,5.481,58.504,75.8,2.01362443,61.2200012207031,68.379997253418,83.3758726090791
BDI,Burundi,2018,464.0,14.88147374,5.38,57.37,75.8,2.0575192,61.2200012207031,68.379997253418,82.3179778017525
BDI,Burundi,2019,449.0,14.82977363,5.271,56.534,75.8,2.27763605,61.2200012207031,68.379997253418,81.213821845813
BDI,Burundi,2020,441.0,14.77690155,5.177,55.673,74.2,2.1569612,66.1104503329775,71.3374789737041,80.0690015726029
BDI,Burundi,2021,447.0,14.77690155,5.078,54.826,74.2,2.22447824,66.1104503329775,71.3374789737041,78.8891138134646
BDI,Burundi,2022,412.0,14.77690155,4.98,54.08,74.2,1.58512878,66.1104503329775,71.3374789737041,77.6797553997403
BDI,Burundi,2023,392.0,14.77690155,4.878,53.364,74.2,1.34036565,66.1104503329775,71.3374789737041,76.4465231627724
BEN,Benin,2000,529.0,18.83905333,5.937,118.14,70.5,1.13417935,23.2999992370606,34.6599998474121,61.7240482741125
BEN,Benin,2001,532.0,18.72546337,5.848,119.261,70.5,1.20063126,23.2999992370606,34.6599998474121,61.3813742330782
BEN,Benin,2002,534.0,18.61585851,5.793,116.523,70.5,0.93714452,23.2999992370606,34.6599998474121,60.9964930127019
BEN,Benin,2003,532.0,18.505374,5.763,116.259,70.5,1.05233788,23.2999992370606,34.6599998474121,60.5830303986956
BEN,Benin,2004,531.0,18.39170154,5.718,115.301,70.5,1.15381396,23.2999992370606,34.6599998474121,60.1474300921258
BEN,Benin,2005,514.0,18.27611542,5.692,110.285,70.5,1.04785359,23.2999992370606,34.6599998474121,59.6902250993483
BEN,Benin,2006,509.0,18.15884912,5.673,107.641,70.5,1.06306994,23.2999992370606,34.6599998474121,59.2122205927551
BEN,Benin,2007,501.0,18.03745634,5.627,106.115,70.5,0.95481884,23.2999992370606,34.6599998474121,58.7142217447382
BEN,Benin,2008,563.0,17.92033119,5.548,102.513,70.5,0.74250972,23.2999992370606,34.6599998474121,58.1970337276895
BEN,Benin,2009,598.0,17.81333479,5.491,99.044,70.5,0.86784607,23.2999992370606,34.6599998474121,57.661461714001
BEN,Benin,2010,607.0,17.70726151,5.452,98.186,70.5,0.7522946,23.2999992370606,34.6599998474121,57.1083108760647
BEN,Benin,2011,613.0,17.5947751,5.436,95.564,68.4,0.65150005,42.4618421406442,44.6881229256471,56.5383863862724
BEN,Benin,2012,618.0,17.47560586,5.429,95.179,68.4,0.74686456,42.4618421406442,44.6881229256471,55.9524934170162
BEN,Benin,2013,607.0,17.34998433,5.41,96.125,68.4,0.76463026,34.7700004577637,45.0800018310547,55.3497116330681
BEN,Benin,2014,605.0,17.22623995,5.374,96.383,68.4,0.57532531,34.7700004577637,45.0800018310547,54.7119470764001
BEN,Benin,2015,606.0,17.10543012,5.32,96.339,65.8,0.59082586,34.7700004577637,45.0800018310547,54.0592596742337
BEN,Benin,2016,604.0,16.97887882,5.254,95.223,65.8,0.71389222,34.7700004577637,45.0800018310547,53.3905440993336
BEN,Benin,2017,592.0,16.83932758,5.155,91.759,65.8,0.70637327,28.5499992370606,38.8699989318848,52.7057225119609
BEN,Benin,2018,585.0,16.69812424,5.031,87.888,37.2,0.66673458,28.5499992370606,38.8699989318848,52.0047170724037
BEN,Benin,2019,572.0,16.5613094,4.9,83.84,37.2,0.45625761,38.0999984741211,49.0,51.2874499409752
BEN,Benin,2020,578.0,16.44582801,4.795,81.062,37.2,0.51122105,38.0999984741211,49.0,50.5538432780104
BEN,Benin,2021,584.0,16.44582801,4.707,79.804,27.2,0.33374113,33.1300010681152,43.8300018310547,49.8038192438646
BEN,Benin,2022,547.0,16.44582801,4.634,78.86,27.2,0.50720674,41.5099983215332,51.3800010681152,49.0372999989113
BEN,Benin,2023,518.0,16.44582801,4.556,77.844,27.2,0.4894892,41.5099983215332,51.3800010681152,48.2542077035407
BFA,Burkina Faso,2000,524.0,20.28646609,6.519,132.811,69.6,0.96129316,15.1899995803833,21.8199996948242,81.9996496670556
BFA,Burkina Faso,2001,513.0,20.17004015,6.431,128.828,69.6,0.97162038,15.1899995803833,21.8199996948242,81.1408547856107
BFA,Burkina Faso,2002,508.0,20.05806773,6.339,124.78,69.6,1.05799043,15.1899995803833,21.8199996948242,80.274946416552
BFA,Burkina Faso,2003,495.0,19.93867889,6.28,128.673,69.6,0.9801873,15.1899995803833,21.8199996948242,79.436672737108
BFA,Burkina Faso,2004,481.0,19.81967548,6.216,124.521,69.6,1.69977903,15.1899995803833,21.8199996948242,78.6607819245076
BFA,Burkina Faso,2005,467.0,19.70215347,6.182,121.768,69.6,1.22285259,16.6200008392334,23.5200004577637,77.9820221559796
BFA,Burkina Faso,2006,463.0,19.58883727,6.17,126.898,69.6,1.43097806,16.2900009155273,22.4699993133545,77.4471693091257
BFA,Burkina Faso,2007,453.0,19.49865261,6.11,128.051,69.6,1.43212855,20.4300003051758,27.8799991607666,77.0258239171807
BFA,Burkina Faso,2008,429.0,19.41973269,6.05,129.288,69.6,1.36111355,20.4300003051758,27.8799991607666,76.6366252161443
BFA,Burkina Faso,2009,419.0,19.34464915,5.992,127.528,67.2,1.64177847,20.4300003051758,27.8799991607666,76.2547674398884
BFA,Burkina Faso,2010,404.0,19.2592351,5.936,127.42,67.2,1.30630887,20.4300003051758,27.8799991607666,75.884907501842
BFA,Burkina Faso,2011,388.0,19.16702978,5.869,126.795,67.2,1.34620178,20.4300003051758,27.8799991607666,75.5317023154343
BFA,Burkina Faso,2012,376.0,19.07206674,5.793,127.183,67.2,1.06450117,20.4300003051758,27.8799991607666,75.1998087940946
BFA,Burkina Faso,2013,361.0,18.98745966,5.697,127.463,67.2,1.61236513,20.4300003051758,27.8799991607666,74.893883851252
BFA,Burkina Faso,2014,344.0,18.90736753,5.595,122.206,58.7,1.62685239,26.2199993133545,34.5999984741211,74.6185844003357
BFA,Burkina Faso,2015,328.0,18.83219324,5.478,119.405,58.7,1.45618761,26.2199993133545,34.5999984741211,74.378567354775
BFA,Burkina Faso,2016,313.0,18.75670772,5.331,114.519,58.7,2.38693118,26.2199993133545,34.5999984741211,74.178489627999
BFA,Burkina Faso,2017,298.0,18.68069059,5.17,109.182,58.7,2.6879499,26.2199993133545,34.5999984741211,74.0230081334368
BFA,Burkina Faso,2018,286.0,18.60022978,4.921,104.185,47.7,2.12523532,31.0400009155273,39.3499984741211,73.9167797845178
BFA,Burkina Faso,2019,274.0,18.53367271,4.681,96.659,47.7,2.23602796,24.6800003051758,29.6599998474121,73.8812745598843
BFA,Burkina Faso,2020,334.0,18.46865415,4.44,91.464,47.7,2.84514332,24.6800003051758,29.6599998474121,73.6421626371373
BFA,Burkina Faso,2021,354.0,18.46865415,4.361,90.079,42.1,2.73058271,31.0300006866455,36.9700012207031,73.1885692256983
BFA,Burkina Faso,2022,316.0,18.46865415,4.275,88.56,42.1,2.62870407,33.7299995422363,40.9199981689453,72.7208630257288
BFA,Burkina Faso,2023,242.0,18.46865415,4.186,87.082,42.1,2.45250058,35.7315412066823,41.5670909952631,72.2127521634842
BWA,Botswana,2000,136.0,18.09912789,3.294,73.683,34.8,3.2540555,81.8099975585938,81.1900024414062,46.7952272601206
BWA,Botswana,2001,138.0,18.1349067,3.248,71.463,34.8,3.50531387,81.8099975585938,81.1900024414062,45.9510105553965
BWA,Botswana,2002,140.0,18.19030206,3.175,69.499,34.8,3.76324773,81.8099975585938,81.1900024414062,44.9857011396198
BWA,Botswana,2003,142.0,18.21239743,3.106,67.841,34.8,3.60058308,81.8099975585938,81.1900024414062,43.9020766503568
BWA,Botswana,2004,151.0,18.21188869,3.063,66.054,34.8,3.4343946,81.8099975585938,81.1900024414062,42.7417510670642
BWA,Botswana,2005,166.0,18.16982545,3.082,65.443,34.8,2.86616707,81.8099975585938,81.1900024414062,41.5464445315416
BWA,Botswana,2006,204.0,18.08437308,3.114,64.772,34.8,2.79110265,81.8099975585938,81.1900024414062,40.3578771855888
BWA,Botswana,2007,201.0,17.99555593,3.127,62.988,34.8,3.12948751,81.8099975585938,81.1900024414062,39.2177691710058
BWA,Botswana,2008,199.0,17.87103405,3.131,60.961,34.8,3.66806316,81.8099975585938,81.1900024414062,38.1678406295921
BWA,Botswana,2009,213.0,17.75446549,3.133,59.023,21.1,3.41018438,81.8099975585938,81.1900024414062,37.2498117031477
BWA,Botswana,2010,228.0,17.60703507,3.135,57.38,21.1,3.60705996,81.8099975585938,81.1900024414062,36.5054025334723
BWA,Botswana,2011,269.0,17.4445469,3.103,55.416,21.1,3.60456705,81.8099975585938,81.1900024414062,35.9812189277111
BWA,Botswana,2012,288.0,17.29614331,3.07,55.606,21.1,4.09601831,81.8099975585938,81.1900024414062,35.6006752173096
BWA,Botswana,2013,221.0,17.1736341,3.045,55.903,21.1,4.15482092,81.8099975585938,81.1900024414062,35.2420264541607
BWA,Botswana,2014,212.0,17.08611252,3.027,55.387,21.1,3.99039125,81.8099975585938,81.1900024414062,34.9034877599175
BWA,Botswana,2015,141.0,17.04357972,3.008,57.159,21.4,4.13518047,81.8099975585938,81.1900024414062,34.5896415686705
BWA,Botswana,2016,72.0,16.99807318,2.99,54.312,21.4,3.83726597,81.8099975585938,81.1900024414062,34.3050703145101
BWA,Botswana,2017,46.0,16.96763617,2.969,49.926,21.4,5.01613283,81.8099975585938,81.1900024414062,34.0543564315269
BWA,Botswana,2018,99.0,16.91463647,2.941,54.313,21.4,4.14253378,81.8099975585938,81.1900024414062,33.8420823538112
BWA,Botswana,2019,100.0,16.86317698,2.906,56.259,21.4,4.37294102,81.8099975585938,81.1900024414062,33.6728305154536
BWA,Botswana,2020,98.0,16.83437991,2.861,55.557,21.4,4.48994827,81.8099975585938,81.1900024414062,33.5511833505446
BWA,Botswana,2021,165.0,16.83437991,2.827,55.094,21.4,4.82830048,81.8099975585938,81.1900024414062,33.4817232931745
BWA,Botswana,2022,120.0,16.83437991,2.785,54.585,21.4,4.30745316,81.8099975585938,81.1900024414062,33.4110212829523
BWA,Botswana,2023,155.0,16.83437991,2.732,53.805,21.4,4.72067308,81.8099975585938,81.1900024414062,32.9787344650136
CAF,Central African Republic,2000,1490.0,15.24848711,5.851,141.498,67.3,1.7200942,35.2900009155273,50.6500015258789,62.2985120234636
CAF,Central African Republic,2001,1504.0,15.29938331,5.807,141.398,67.3,1.51679921,35.2900009155273,50.6500015258789,62.2439763792169
CAF,Central African Republic,2002,1496.0,15.34933698,5.785,141.71,67.3,1.434237,35.2900009155273,50.6500015258789,62.1830247004489
CAF,Central African Republic,2003,1487.0,15.39632984,5.799,142.974,67.3,1.54274023,35.2900009155273,50.6500015258789,62.1136828068076
CAF,Central African Republic,2004,1450.0,15.44503538,5.784,144.942,67.3,1.4743973,35.2900009155273,50.6500015258789,62.0373110607938
CAF,Central African Republic,2005,1389.0,15.49225883,5.812,148.357,67.3,1.03554976,35.2900009155273,50.6500015258789,61.9551489573134
CAF,Central African Republic,2006,1337.0,15.53855276,5.84,151.923,67.3,1.22708309,35.2900009155273,50.6500015258789,61.865566318877
CAF,Central African Republic,2007,1271.0,15.57579157,5.867,155.506,67.3,1.27105796,35.2900009155273,50.6500015258789,61.7656660563921
CAF,Central African Republic,2008,1234.0,15.60728734,5.902,159.743,67.3,0.84676838,35.2900009155273,50.6500015258789,61.6525510807662
CAF,Central African Republic,2009,1272.0,15.62373545,5.936,163.842,67.3,0.73201287,35.2900009155273,50.6500015258789,61.523324302907
CAF,Central African Republic,2010,1230.0,15.66784952,5.963,169.171,67.3,0.57671779,35.2900009155273,50.6500015258789,61.3755036895797
CAF,Central African Republic,2011,1131.0,15.75199546,6.009,168.485,67.3,0.41518956,35.2900009155273,50.6500015258789,61.1969330534993
CAF,Central African Republic,2012,1092.0,15.88767893,6.047,167.624,67.3,0.62262207,35.2900009155273,50.6500015258789,60.9698303961483
CAF,Central African Republic,2013,1092.0,16.09137083,6.075,166.774,67.3,0.98418158,35.2900009155273,50.6500015258789,60.6957036517223
CAF,Central African Republic,2014,1034.0,16.25378574,6.099,165.588,67.3,0.71106249,35.2900009155273,50.6500015258789,60.3773478131262
CAF,Central African Republic,2015,981.0,16.35429359,6.126,164.079,67.3,0.45585203,35.2900009155273,50.6500015258789,60.0175578732649
CAF,Central African Republic,2016,962.0,16.38933395,6.126,164.342,67.3,0.59953427,35.2900009155273,50.6500015258789,59.6191288250434
CAF,Central African Republic,2017,1093.0,16.36289614,6.127,165.118,67.3,0.72881997,35.2900009155273,50.6500015258789,59.1848556613666
CAF,Central African Republic,2018,881.0,16.34634167,6.108,165.544,67.3,0.68853283,35.2900009155273,50.6500015258789,58.7175333751394
CAF,Central African Republic,2019,1650.0,16.34442942,6.09,164.921,67.3,0.81889474,27.1299991607666,42.439998626709,58.2199569592668
CAF,Central African Republic,2020,1296.0,16.35473066,6.059,163.964,67.3,1.22141719,27.1299991607666,42.439998626709,57.6949214066537
CAF,Central African Republic,2021,1127.0,16.35473066,6.052,163.575,71.6,1.26395118,27.1299991607666,42.439998626709,57.1452217102051
CAF,Central African Republic,2022,841.0,16.35473066,6.023,163.019,71.6,1.49499202,27.1299991607666,42.439998626709,56.7248032542715
CAF,Central African Republic,2023,692.0,16.35473066,6.012,163.093,71.6,1.53037214,27.1299991607666,42.439998626709,56.3016307865835
CIV,Cote d'Ivoire,2000,378.0,19.40701452,5.773,138.56,43.9,0.58689862,38.6100006103516,48.7400016784668,56.9159934988087
CIV,Cote d'Ivoire,2001,405.0,19.39505585,5.704,139.284,43.9,0.50978333,38.6100006103516,48.7400016784668,56.5329850964988
CIV,Cote d'Ivoire,2002,427.0,19.3884295,5.641,139.304,43.9,0.54329485,38.6100006103516,48.7400016784668,56.140967852272
CIV,Cote d'Ivoire,2003,451.0,19.37815373,5.572,137.981,43.9,0.5154925,38.6100006103516,48.7400016784668,55.7406255849469
CIV,Cote d'Ivoire,2004,456.0,19.37211223,5.527,135.625,43.9,0.5599317,38.6100006103516,48.7400016784668,55.332642113342
CIV,Cote d'Ivoire,2005,492.0,19.35551805,5.499,133.791,43.9,0.52909023,38.6100006103516,48.7400016784668,54.917701256276
CIV,Cote d'Ivoire,2006,544.0,19.34513549,5.448,134.463,43.9,0.5577988,38.6100006103516,48.7400016784668,54.4964868325674
CIV,Cote d'Ivoire,2007,567.0,19.32559144,5.403,132.849,43.9,0.67966127,38.6100006103516,48.7400016784668,54.069682661035
CIV,Cote d'Ivoire,2008,562.0,19.31038617,5.357,129.776,47.0,0.67955697,38.6100006103516,48.7400016784668,53.6379725604971
CIV,Cote d'Ivoire,2009,588.0,19.28577602,5.332,128.396,47.0,0.83744568,38.6100006103516,48.7400016784668,53.2020403497726
CIV,Cote d'Ivoire,2010,592.0,19.25527046,5.292,128.816,47.0,0.83997321,38.6100006103516,48.7400016784668,52.7625698476799
CIV,Cote d'Ivoire,2011,569.0,19.20902242,5.244,122.921,47.0,0.57983553,38.6100006103516,48.7400016784668,52.3202448730377
CIV,Cote d'Ivoire,2012,566.0,19.12436808,5.19,120.393,47.0,0.74607307,38.6100006103516,48.7400016784668,51.8757492446646
CIV,Cote d'Ivoire,2013,544.0,19.0161338,5.135,118.623,47.0,0.7278282,38.6100006103516,48.7400016784668,51.4297667813792
CIV,Cote d'Ivoire,2014,522.0,18.89289015,5.071,117.527,47.0,0.77760309,36.7799987792969,43.9099998474121,50.9826855442632
CIV,Cote d'Ivoire,2015,505.0,18.76376178,4.97,116.181,46.6,0.80445331,36.7799987792969,43.9099998474121,50.5305105310447
CIV,Cote d'Ivoire,2016,488.0,18.64470903,4.873,113.001,46.6,0.85302079,40.75,50.0400009155273,50.070008965968
CIV,Cote d'Ivoire,2017,465.0,18.53292228,4.757,106.786,46.6,0.93267012,40.75,50.0400009155273,49.6022690345656
CIV,Cote d'Ivoire,2018,449.0,18.43593712,4.596,102.061,21.7,0.89862597,40.75,50.0400009155273,49.1281522243605
CIV,Cote d'Ivoire,2019,429.0,18.35391593,4.523,99.014,21.7,0.96328849,46.9915937932265,56.9592400560829,48.6485200228759
CIV,Cote d'Ivoire,2020,447.0,18.28976148,4.461,96.903,21.7,1.33183074,46.9915937932265,56.9592400560829,48.1642339176349
CIV,Cote d'Ivoire,2021,459.0,18.28976148,4.411,94.609,20.8,1.59011114,40.2599983215332,50.0,47.6816538043941
CIV,Cote d'Ivoire,2022,409.0,18.28976148,4.349,93.194,20.8,1.49067545,40.2599983215332,50.0,47.1507450323327
CIV,Cote d'Ivoire,2023,359.0,18.28976148,4.283,92.085,20.8,1.40123832,40.2599983215332,50.0,46.5924798361296
CMR,Cameroon,2000,678.0,13.31223399,5.514,139.918,30.8,0.64510846,58.7200012207031,68.4100036621094,53.7550170597401
CMR,Cameroon,2001,672.0,13.28450917,5.441,138.445,30.8,0.7802825,58.7200012207031,68.4100036621094,53.2372490949022
CMR,Cameroon,2002,658.0,13.25069947,5.435,136.781,30.8,0.89175522,58.7200012207031,68.4100036621094,52.7410757486564
CMR,Cameroon,2003,645.0,13.20554212,5.432,136.47,30.8,0.8576715,58.7200012207031,68.4100036621094,52.2674476439939
CMR,Cameroon,2004,633.0,13.16457406,5.436,134.967,30.8,0.70553547,58.7200012207031,68.4100036621094,51.8173154039058
CMR,Cameroon,2005,629.0,13.12647126,5.421,133.393,30.8,0.65208685,58.7200012207031,68.4100036621094,51.4162147605315
CMR,Cameroon,2006,615.0,13.08805323,5.369,132.034,30.8,0.64810383,58.7200012207031,68.4100036621094,50.7955826587139
CMR,Cameroon,2007,605.0,13.05548723,5.343,130.023,36.0,0.56892991,63.0200004577637,70.6800003051758,50.2972971406242
CMR,Cameroon,2008,592.0,13.01656292,5.294,128.656,36.0,0.55071974,63.0200004577637,70.6800003051758,49.9141674731331
CMR,Cameroon,2009,579.0,12.98120386,5.236,127.889,36.0,0.44800821,63.0200004577637,70.6800003051758,49.5285868664322
CMR,Cameroon,2010,562.0,12.94574686,5.154,127.504,36.0,0.4063552,64.8000030517578,71.1900024414062,49.1494924628638
CMR,Cameroon,2011,541.0,12.90869897,5.052,129.067,36.0,0.5729565,64.8000030517578,71.1900024414062,48.7770156965875
CMR,Cameroon,2012,500.0,12.86976886,4.982,124.626,36.0,0.64008772,64.8000030517578,71.1900024414062,48.4112880017139
CMR,Cameroon,2013,469.0,12.82494224,4.905,121.77,36.0,0.4803811,64.8000030517578,71.1900024414062,48.0524408122976
CMR,Cameroon,2014,440.0,12.77508481,4.844,120.341,29.0,0.58977377,64.8000030517578,71.1900024414062,47.7006055623291
CMR,Cameroon,2015,417.0,12.72699835,4.841,119.736,29.0,0.36383638,64.8000030517578,71.1900024414062,47.3559136857258
CMR,Cameroon,2016,393.0,12.6742273,4.842,119.352,29.0,0.36593068,64.8000030517578,71.1900024414062,47.0184966163208
CMR,Cameroon,2017,372.0,12.62741624,4.804,118.815,29.0,0.14120807,64.8000030517578,71.1900024414062,46.6884857878496
CMR,Cameroon,2018,354.0,12.58366342,4.74,117.067,29.0,0.35133773,66.1600036621094,72.5500030517578,46.3660126339347
CMR,Cameroon,2019,336.0,12.54242396,4.651,114.634,29.0,0.40687224,66.1600036621094,72.5500030517578,46.0512085880669
CMR,Cameroon,2020,316.0,12.51261546,4.557,112.084,29.0,0.60675448,66.1600036621094,72.5500030517578,45.7442050835826
CMR,Cameroon,2021,342.0,12.51261546,4.468,109.907,26.7,0.48882192,66.1600036621094,72.5500030517578,45.4451335536365
CMR,Cameroon,2022,276.0,12.51261546,4.397,108.328,26.7,0.66833162,66.1600036621094,72.5500030517578,45.1541254311682
CMR,Cameroon,2023,258.0,12.51261546,4.322,106.661,26.7,0.66923392,66.1600036621094,72.5500030517578,44.8713121488612
COD,"Congo, Dem. Rep.",2000,585.0,12.3886769,6.702,125.661,94.9,0.06221032,54.060001373291,67.1699981689453,65.0991247382515
COD,"Congo, Dem. Rep.",2001,588.0,12.3354663,6.663,124.559,94.9,0.10641284,54.060001373291,67.1699981689453,64.5846473179237
COD,"Congo, Dem. Rep.",2002,601.0,12.25307499,6.606,124.797,94.9,0.10429236,54.060001373291,67.1699981689453,64.062935606816
COD,"Congo, Dem. Rep.",2003,605.0,12.14502552,6.549,125.413,94.9,0.22955258,54.060001373291,67.1699981689453,63.5345372768631
COD,"Congo, Dem. Rep.",2004,607.0,12.02378995,6.53,123.227,94.9,0.2026829,54.060001373291,67.1699981689453,63.0
COD,"Congo, Dem. Rep.",2005,613.0,11.8968492,6.526,122.98,94.9,0.20690806,54.060001373291,67.1699981689453,62.5981261378099
COD,"Congo, Dem. Rep.",2006,619.0,11.77447703,6.547,125.28,94.9,0.21125633,54.060001373291,67.1699981689453,62.1975172871887
COD,"Congo, Dem. Rep.",2007,631.0,11.65392661,6.559,123.117,94.9,0.21943448,54.060001373291,67.1699981689453,61.798218662702
COD,"Congo, Dem. Rep.",2008,620.0,11.53342834,6.58,122.739,94.9,0.25156215,54.060001373291,67.1699981689453,61.4002754789156
COD,"Congo, Dem. Rep.",2009,608.0,11.41355896,6.591,122.181,94.9,0.30943882,54.060001373291,67.1699981689453,61.0037329503951
COD,"Congo, Dem. Rep.",2010,601.0,11.29239819,6.587,121.161,94.9,0.38362399,54.060001373291,67.1699981689453,60.608636291706
COD,"Congo, Dem. Rep.",2011,589.0,11.17191208,6.582,122.471,94.9,0.34667644,54.060001373291,67.1699981689453,60.2150307174141
COD,"Congo, Dem. Rep.",2012,578.0,11.04519924,6.559,124.026,78.9,0.51978379,62.9199981689453,75.0199966430664,59.8229614420849
COD,"Congo, Dem. Rep.",2013,567.0,10.9161396,6.527,121.236,78.9,0.46684277,62.9199981689453,75.0199966430664,59.4324736802842
COD,"Congo, Dem. Rep.",2014,558.0,10.78687886,6.483,118.949,78.9,0.51571059,62.9199981689453,75.0199966430664,59.0436126465775
COD,"Congo, Dem. Rep.",2015,545.0,10.66027392,6.437,115.839,78.9,0.62508768,62.9199981689453,75.0199966430664,58.6564235555306
COD,"Congo, Dem. Rep.",2016,526.0,10.5388201,6.392,113.478,78.9,0.53029794,66.5,77.0400009155273,58.2709516217089
COD,"Congo, Dem. Rep.",2017,519.0,10.42821858,6.349,112.484,78.9,0.39801776,66.5,77.0400009155273,57.8872420596783
COD,"Congo, Dem. Rep.",2018,508.0,10.32804378,6.302,111.807,78.9,0.48873118,61.5999984741211,73.5500030517578,57.5053400840042
COD,"Congo, Dem. Rep.",2019,493.0,10.2389879,6.253,111.141,78.9,0.55490303,61.5999984741211,73.5500030517578,57.1252909092524
COD,"Congo, Dem. Rep.",2020,489.0,10.15699502,6.206,110.308,85.3,0.63877279,56.1173353404895,65.6828744335957,56.7471397499885
COD,"Congo, Dem. Rep.",2021,507.0,10.15699502,6.156,109.234,85.3,0.64831114,56.1173353404895,65.6828744335957,56.3709318207782
COD,"Congo, Dem. Rep.",2022,456.0,10.15699502,6.106,108.06,85.3,0.72449565,56.1173353404895,65.6828744335957,55.996712336187
COD,"Congo, Dem. Rep.",2023,427.0,10.15699502,6.051,106.884,85.3,0.68990564,53.7799987792969,68.5,55.6245265107806
COG,"Congo, Rep.",2000,509.0,12.80615382,4.724,123.422,54.5,0.51469523,67.4800033569336,76.1100006103516,41.1052619744129
COG,"Congo, Rep.",2001,489.0,12.76400936,4.67,124.571,54.5,0.96511757,67.4800033569336,76.1100006103516,40.5582140869595
COG,"Congo, Rep.",2002,464.0,12.70876931,4.697,123.761,54.5,0.43198308,67.4800033569336,76.1100006103516,40.0283933125489
COG,"Congo, Rep.",2003,436.0,12.63147752,4.696,125.452,54.5,0.50115985,67.4800033569336,76.1100006103516,39.5305416208111
COG,"Congo, Rep.",2004,400.0,12.54564229,4.69,125.321,54.5,0.43517572,67.4800033569336,76.1100006103516,39.0794009813761
COG,"Congo, Rep.",2005,385.0,12.44236392,4.669,126.5,54.5,0.43213499,67.4800033569336,76.1100006103516,38.689713363874
COG,"Congo, Rep.",2006,394.0,12.32444051,4.651,127.559,54.5,0.55492193,67.4800033569336,76.1100006103516,38.3762207379349
COG,"Congo, Rep.",2007,370.0,12.20291701,4.649,129.044,54.5,0.58651859,67.4800033569336,76.1100006103516,38.1497436629707
COG,"Congo, Rep.",2008,395.0,12.07877414,4.726,132.223,54.5,1.09928632,67.4800033569336,76.1100006103516,37.9645184324797
COG,"Congo, Rep.",2009,414.0,11.95087178,4.808,135.039,54.5,0.61770952,67.4800033569336,76.1100006103516,37.7827705349735
COG,"Congo, Rep.",2010,382.0,11.83616085,4.851,133.768,54.5,0.8283878,67.4800033569336,76.1100006103516,37.6077128941261
COG,"Congo, Rep.",2011,378.0,11.726263,4.826,130.246,39.2,0.65133953,67.4800033569336,76.1100006103516,37.4402491869769
COG,"Congo, Rep.",2012,374.0,11.62006798,4.785,126.351,39.2,0.81893653,67.4800033569336,76.1100006103516,37.2812830905655
COG,"Congo, Rep.",2013,320.0,11.55151165,4.731,123.514,39.2,0.93664998,67.4800033569336,76.1100006103516,37.1317182819314
COG,"Congo, Rep.",2014,302.0,11.50816692,4.665,122.025,39.2,0.94694966,67.4800033569336,76.1100006103516,36.9924584381141
COG,"Congo, Rep.",2015,284.0,11.51986669,4.607,120.682,39.2,1.11883152,67.4800033569336,76.1100006103516,36.864407236153
COG,"Congo, Rep.",2016,263.0,11.58865907,4.546,118.945,39.2,1.11958003,67.4800033569336,76.1100006103516,36.7484683530877
COG,"Congo, Rep.",2017,262.0,11.68747415,4.496,117.227,39.2,0.90735477,67.4800033569336,76.1100006103516,36.6455454659577
COG,"Congo, Rep.",2018,259.0,11.80806403,4.442,115.695,39.2,0.62025368,67.4800033569336,76.1100006103516,36.5565422518025
COG,"Congo, Rep.",2019,245.0,11.89347494,4.38,114.54,39.2,1.02925241,67.4800033569336,76.1100006103516,36.4823623876615
COG,"Congo, Rep.",2020,247.0,11.92652931,4.329,113.633,39.2,1.73444974,67.4800033569336,76.1100006103516,36.4239095505743
COG,"Congo, Rep.",2021,301.0,11.92652931,4.28,112.715,39.2,1.72020531,67.4800033569336,76.1100006103516,36.3820874175804
COG,"Congo, Rep.",2022,241.0,11.92652931,4.215,111.227,39.2,0.80518568,67.4800033569336,76.1100006103516,36.3577996657193
COG,"Congo, Rep.",2023,241.0,11.92652931,4.157,109.88,39.2,1.12095106,67.4800033569336,76.1100006103516,36.3373242384375
COM,Comoros,2000,476.0,25.5180785,5.227,92.011,24.3,0.89172548,63.4599990844727,68.25,71.9639487807945
COM,Comoros,2001,440.0,25.4024139,5.195,90.544,24.3,0.5343321,63.4599990844727,68.25,72.0097113403395
COM,Comoros,2002,428.0,25.28963506,5.155,89.262,24.3,0.95670593,63.4599990844727,68.25,72.0413732896463
COM,Comoros,2003,400.0,25.18186299,5.115,87.979,24.3,0.85293937,63.4599990844727,68.25,72.0551135390382
COM,Comoros,2004,385.0,25.07739343,5.065,87.491,24.3,0.79133189,63.4599990844727,68.25,72.0403699770876
COM,Comoros,2005,373.0,24.97399902,5.012,86.863,24.3,0.69428998,63.4599990844727,68.25,71.983104791632
COM,Comoros,2006,360.0,24.8711381,4.934,84.098,24.3,0.6453765,63.4599990844727,68.25,71.8856784026969
COM,Comoros,2007,352.0,24.76584874,4.859,81.061,24.3,0.56597984,63.4599990844727,68.25,71.7506678551051
COM,Comoros,2008,334.0,24.6408115,4.805,78.28,24.3,0.43337327,63.4599990844727,68.25,71.5806501936798
COM,Comoros,2009,320.0,24.51937748,4.778,76.258,24.3,0.37907231,63.4599990844727,68.25,71.3782024632437
COM,Comoros,2010,305.0,24.38551476,4.755,74.306,24.3,0.37668347,63.4599990844727,68.25,71.1459017086199
COM,Comoros,2011,291.0,24.24461105,4.722,72.815,24.3,0.9567222,63.4599990844727,68.25,70.8863249746314
COM,Comoros,2012,274.0,24.11875671,4.652,70.802,24.3,0.79534382,63.4599990844727,68.25,70.602049306101
COM,Comoros,2013,260.0,23.99375464,4.572,68.911,24.3,0.65978307,63.4599990844727,68.25,70.2956517478518
COM,Comoros,2014,247.0,23.8744153,4.489,66.558,31.4,0.55491424,70.141487246595,73.6494960644007,69.9697093447068
COM,Comoros,2015,237.0,23.75450733,4.42,64.414,31.4,0.46612623,70.141487246595,73.6494960644007,69.6267991414888
COM,Comoros,2016,225.0,23.61539682,4.348,62.209,31.4,0.57399994,70.141487246595,73.6494960644007,69.2694981830208
COM,Comoros,2017,219.0,23.47133018,4.278,60.415,31.4,0.67584765,70.141487246595,73.6494960644007,68.9003440310707
COM,Comoros,2018,209.0,23.3203247,4.208,59.952,31.4,0.76553828,70.141487246595,73.6494960644007,68.5926354804161
COM,Comoros,2019,202.0,23.17438682,4.138,59.294,31.4,0.83244753,70.141487246595,73.6494960644007,68.2712415931757
COM,Comoros,2020,198.0,23.02724006,4.071,58.543,8.9,1.29287672,70.141487246595,73.6494960644007,67.9361927805119
COM,Comoros,2021,215.0,23.02724006,3.999,57.386,8.9,0.94517165,71.9807330653801,75.6201980162165,67.5875555686754
COM,Comoros,2022,186.0,23.02724006,3.935,56.298,8.9,0.8734315,71.9807330653801,75.6201980162165,67.2253964471252
COM,Comoros,2023,179.0,23.02724006,3.878,55.233,8.9,0.84639359,71.9807330653801,75.6201980162165,66.8497819053099
CPV,Cabo Verde,2000,110.0,15.697290384999999,3.545,100.642,37.1,2.75231051,76.552387341734,82.2189574366152,46.0667850797717
CPV,Cabo Verde,2001,101.0,15.665397805,3.366,97.364,37.1,2.69890738,76.552387341734,82.2189574366152,45.2237827679005
CPV,Cabo Verde,2002,92.0,15.630515429999999,3.192,94.283,37.1,2.71163344,76.552387341734,82.2189574366152,44.4296592020519
CPV,Cabo Verde,2003,86.0,15.595847745,3.033,91.763,37.1,2.66076279,76.552387341734,82.2189574366152,43.6702928020359
CPV,Cabo Verde,2004,80.0,15.567310280000001,2.9,89.751,37.1,2.5304296,76.552387341734,82.2189574366152,42.9322832988982
CPV,Cabo Verde,2005,75.0,15.552752475,2.726,87.164,37.1,2.30860901,76.552387341734,82.2189574366152,42.2022304236843
CPV,Cabo Verde,2006,76.0,15.541456075,2.555,84.192,37.1,2.53359437,76.552387341734,82.2189574366152,41.4667339074401
CPV,Cabo Verde,2007,73.0,15.51532823,2.409,81.632,26.2,2.73044729,76.552387341734,82.2189574366152,40.712393481211
CPV,Cabo Verde,2008,68.0,15.428180665,2.298,78.153,26.2,2.23800421,76.552387341734,82.2189574366152,39.9258088760428
CPV,Cabo Verde,2009,62.0,15.32522103,2.246,71.789,26.2,2.54577112,76.552387341734,82.2189574366152,39.093579822981
CPV,Cabo Verde,2010,61.0,15.243022195,2.329,74.314,26.2,2.58053112,76.552387341734,82.2189574366152,38.2025737267698
CPV,Cabo Verde,2011,55.0,15.151968395,2.329,71.771,26.2,2.61180115,76.552387341734,82.2189574366152,37.2580070963116
CPV,Cabo Verde,2012,51.0,15.07199299,2.153,65.731,26.2,2.79963088,80.5,85.3300018310547,36.2739545479004
CPV,Cabo Verde,2013,50.0,14.99208548,2.067,62.417,26.2,2.78713155,80.5,85.3300018310547,35.2513792478174
CPV,Cabo Verde,2014,48.0,14.917530235000001,2.031,60.347,26.2,2.77216268,80.5,85.3300018310547,34.1914887287258
CPV,Cabo Verde,2015,46.0,14.851265954999999,1.968,57.973,14.6,2.89664817,82.0400009155273,86.7900009155273,33.0954905232884
CPV,Cabo Verde,2016,44.0,14.816075175000002,1.966,58.61,14.6,2.76934814,82.0400009155273,86.7900009155273,31.9645921641684
CPV,Cabo Verde,2017,43.0,14.798222915,1.93,56.42,14.6,2.55316591,82.0400009155273,86.7900009155273,30.8000011840287
CPV,Cabo Verde,2018,43.0,14.777195585000001,1.804,50.97,14.6,3.10238695,82.0400009155273,86.7900009155273,29.6029251155323
CPV,Cabo Verde,2019,41.0,14.745987025,1.698,45.194,14.6,3.24034405,82.0400009155273,86.7900009155273,28.3745714913423
CPV,Cabo Verde,2020,56.0,14.713359915,1.591,39.913,14.6,4.64176846,82.0400009155273,86.7900009155273,27.1161478441216
CPV,Cabo Verde,2021,56.0,14.713359915,1.554,38.922,14.6,4.58503008,82.0400009155273,86.7900009155273,25.8392069107173
CPV,Cabo Verde,2022,42.0,14.713359915,1.533,38.673,14.6,4.16780281,82.0400009155273,86.7900009155273,24.966261939151
CPV,Cabo Verde,2023,40.0,14.713359915,1.522,38.755,14.6,3.42531776,82.0400009155273,86.7900009155273,24.0935754246624
DZA,Algeria,2000,123.0,6.799319314,2.59,8.658,0.0,2.31351972,60.0800018310547,69.870002746582,40.1478760554308
DZA,Algeria,2001,113.0,6.798482928,2.519,8.065,0.0,2.69560528,60.0800018310547,69.870002746582,39.3822827211464
DZA,Algeria,2002,102.0,6.795210159,2.429,7.74,0.0,2.59086323,60.0800018310547,69.870002746582,38.6187341398838
DZA,Algeria,2003,101.0,6.792877004,2.451,7.727,0.0,2.55061412,60.0800018310547,69.870002746582,37.8572092013188
DZA,Algeria,2004,91.0,6.78970862,2.5,7.789,0.0,2.3477478,60.0800018310547,69.870002746582,37.0976867951275
DZA,Algeria,2005,87.0,6.790482924,2.562,7.87,0.0,2.16108608,60.0800018310547,69.870002746582,36.3401458109856
DZA,Algeria,2006,84.0,6.795831248,2.628,8.403,0.0,2.18395877,63.9199981689453,72.6500015258789,35.5845651385691
DZA,Algeria,2007,83.0,6.805029066,2.704,8.795,0.0,2.52639246,63.9199981689453,72.6500015258789,34.8309236675539
DZA,Algeria,2008,83.0,6.819797879,2.785,9.161,0.0,2.86780095,67.5500030517578,75.1399993896484,34.098514128841
DZA,Algeria,2009,83.0,6.838853298,2.825,9.559,0.0,3.4677248,67.5500030517578,75.1399993896484,33.4902615440479
DZA,Algeria,2010,82.0,6.863208976,2.875,9.401,0.0,3.22398353,67.5500030517578,75.1399993896484,32.8764942132541
DZA,Algeria,2011,81.0,6.893100385,2.899,9.68,0.0,3.40776706,67.5500030517578,75.1399993896484,32.2655992492422
DZA,Algeria,2012,81.0,6.923899419,2.996,9.665,0.0,4.02772284,67.5500030517578,75.1399993896484,31.6578741446325
DZA,Algeria,2013,81.0,6.957777756,2.997,10.141,0.0,3.91591859,67.5500030517578,75.1399993896484,31.0536163920723
DZA,Algeria,2014,80.0,6.989689506,3.084,10.196,0.0,4.21865416,67.5500030517578,75.1399993896484,30.4531234842385
DZA,Algeria,2015,79.0,7.023190326,3.091,10.294,0.0,4.33925533,67.5500030517578,75.1399993896484,29.8566929138388
DZA,Algeria,2016,79.0,7.054224763,3.091,10.5,0.0,3.94321752,67.5500030517578,75.1399993896484,29.2646221736149
DZA,Algeria,2017,77.0,7.087203761,3.09,9.978,0.0,3.84453487,67.5500030517578,75.1399993896484,28.6772087563449
DZA,Algeria,2018,75.0,7.125422119,3.019,9.495,0.0,3.84471345,67.5500030517578,75.1399993896484,28.094750154847
DZA,Algeria,2019,73.0,7.159965538,2.997,10.328,0.0,3.27598047,74.2099990844727,75.1399993896484,27.5175438619825
DZA,Algeria,2020,97.0,7.197213007,2.94,9.901,0.0,3.31185937,74.2099990844727,75.1399993896484,26.9458873706605
DZA,Algeria,2021,79.0,7.197213007,2.87,9.343,0.0,2.87333918,74.2099990844727,75.1399993896484,26.3800781738427
DZA,Algeria,2022,64.0,7.197213007,2.817,8.977,0.0,1.71663105,74.2099990844727,75.1399993896484,25.8204137645486
DZA,Algeria,2023,62.0,7.197213007,2.766,8.698,0.0,2.30922818,74.2099990844727,75.1399993896484,25.267191635862
ERI,Eritrea,2000,741.0,15.99325612,5.397,85.755,55.2,2.05245161,40.2200012207031,52.5099983215332,65.9016380310059
ERI,Eritrea,2001,651.0,15.94270369,5.306,84.915,55.2,1.79195142,40.2200012207031,52.5099983215332,65.6746788024902
ERI,Eritrea,2002,636.0,15.89643864,5.233,84.996,55.2,2.11955547,40.2200012207031,52.5099983215332,65.4579200744629
ERI,Eritrea,2003,588.0,15.83728671,5.143,83.803,55.2,1.66898465,40.2200012207031,52.5099983215332,65.2548713684082
ERI,Eritrea,2004,588.0,15.77934655,5.036,83.687,55.2,1.55933774,40.2200012207031,52.5099983215332,65.0675354003906
ERI,Eritrea,2005,567.0,15.71293856,4.934,83.077,54.5,0.85298669,40.2200012207031,52.5099983215332,64.8977966308594
ERI,Eritrea,2006,555.0,15.64503693,4.881,81.797,54.5,0.81826532,40.2200012207031,52.5099983215332,64.7474822998047
ERI,Eritrea,2007,541.0,15.57695445,4.812,79.697,54.5,1.21488249,40.2200012207031,52.5099983215332,64.6179046630859
ERI,Eritrea,2008,530.0,15.52164354,4.737,77.716,54.5,1.64659166,54.7999992370605,64.6600036621094,64.5102882385254
ERI,Eritrea,2009,515.0,15.47654176,4.656,76.829,54.5,1.06634021,54.7999992370605,64.6600036621094,64.4257965087891
ERI,Eritrea,2010,498.0,15.44108379,4.571,75.573,53.6,1.00715244,54.7999992370605,64.6600036621094,64.3653450012207
ERI,Eritrea,2011,478.0,15.41177174,4.486,74.12,45.2,0.76524723,54.7999992370605,64.6600036621094,64.3293724060059
ERI,Eritrea,2012,458.0,15.3834843,4.407,72.608,44.9,0.79066068,54.7999992370605,64.6600036621094,64.3175735473633
ERI,Eritrea,2013,443.0,15.36166448,4.335,72.277,44.9,0.776559,54.7999992370605,64.6600036621094,64.3286666870117
ERI,Eritrea,2014,430.0,15.33014407,4.273,72.448,44.6,0.51250237,54.7999992370605,64.6600036621094,64.360279083252
ERI,Eritrea,2015,413.0,15.29935908,4.217,72.661,41.8,0.73755044,54.7999992370605,64.6600036621094,64.408992767334
ERI,Eritrea,2016,395.0,15.26990253,4.164,72.316,39.2,0.7340641,54.7999992370605,64.6600036621094,64.4745712280273
ERI,Eritrea,2017,379.0,15.2425663,4.112,70.977,41.9,1.00827622,54.7999992370605,64.6600036621094,64.5572853088379
ERI,Eritrea,2018,363.0,15.21473053,4.056,69.626,37.1,0.62541473,54.7999992370605,64.6600036621094,64.6548957824707
ERI,Eritrea,2019,351.0,15.18945806,3.997,68.343,37.1,0.74166143,54.7999992370605,64.6600036621094,64.7647666931152
ERI,Eritrea,2020,334.0,15.1601429,3.933,67.189,37.1,0.84150839,54.7999992370605,64.6600036621094,64.883861541748
ERI,Eritrea,2021,338.0,15.1601429,3.867,66.429,38.6,0.88709611,54.7999992370605,64.6600036621094,65.0128860473633
ERI,Eritrea,2022,301.0,15.1601429,3.786,65.724,39.0,0.90046018,54.7999992370605,64.6600036621094,65.1530723571777
ERI,Eritrea,2023,291.0,15.1601429,3.713,65.177,38.6,0.84941107,54.7999992370605,64.6600036621094,65.303596496582
ETH,Ethiopia,2000,870.0,15.697290384999999,6.654,148.482,41.3,1.79949319,22.7999992370606,35.9000015258789,85.0806903839111
ETH,Ethiopia,2001,856.0,15.665397805,6.579,155.407,41.3,2.01543713,22.7999992370606,35.9000015258789,84.8822326660156
ETH,Ethiopia,2002,826.0,15.630515429999999,6.499,151.234,41.3,2.08121943,22.7999992370606,35.9000015258789,84.666766166687
ETH,Ethiopia,2003,797.0,15.595847745,6.4,141.308,41.3,2.27634907,22.7999992370606,35.9000015258789,84.4561462402344
ETH,Ethiopia,2004,764.0,15.567310280000001,6.301,141.718,41.3,1.32566774,22.7999992370606,35.9000015258789,84.2414093017578
ETH,Ethiopia,2005,754.0,15.552752475,6.194,142.009,41.3,1.72818744,22.7999992370606,35.9000015258789,84.017032623291
ETH,Ethiopia,2006,729.0,15.541456075,6.047,133.421,41.3,1.12012815,22.7999992370606,35.9000015258789,83.7851524353027
ETH,Ethiopia,2007,704.0,15.51532823,5.887,125.806,41.3,1.33306754,28.9200000762939,39.0,83.9051669738098
ETH,Ethiopia,2008,678.0,15.428180665,5.695,117.95,41.3,0.51424927,28.9200000762939,39.0,83.2063293457031
ETH,Ethiopia,2009,649.0,15.32522103,5.488,105.942,41.3,0.90700704,28.9200000762939,39.0,82.8488998413086
ETH,Ethiopia,2010,619.0,15.243022195,5.282,104.466,37.4,0.94396317,28.9200000762939,39.0,82.5062160491943
ETH,Ethiopia,2011,588.0,15.151968395,5.08,102.912,37.4,0.3811754,28.9200000762939,39.0,82.136209487915
ETH,Ethiopia,2012,545.0,15.07199299,4.887,92.291,37.4,1.06663179,28.9200000762939,39.0,81.7938632965088
ETH,Ethiopia,2013,494.0,14.99208548,4.708,83.509,37.4,1.09967208,36.6062603025934,48.3549726348554,81.384485244751
ETH,Ethiopia,2014,444.0,14.917530235000001,4.605,82.682,37.4,0.71479559,36.6062603025934,48.3549726348554,80.9737129211426
ETH,Ethiopia,2015,401.0,14.851265954999999,4.529,79.432,33.0,0.96540898,36.6062603025934,48.3549726348554,80.548433303833
ETH,Ethiopia,2016,364.0,14.816075175000002,4.473,77.374,33.0,0.90002954,34.4199981689453,47.4900016784668,80.1236381530762
ETH,Ethiopia,2017,327.0,14.798222915,4.401,75.196,33.0,0.8612687,34.4199981689453,47.4900016784668,79.6915149688721
ETH,Ethiopia,2018,297.0,14.777195585000001,4.371,74.733,33.0,0.76642609,34.4199981689453,47.4900016784668,79.2161903381348
ETH,Ethiopia,2019,269.0,14.745987025,4.347,74.505,33.0,0.73088509,44.6199989318848,55.0499992370605,78.7513294219971
ETH,Ethiopia,2020,244.0,14.713359915,4.274,73.654,33.0,0.98278511,44.6199989318848,55.0499992370605,78.3739948272705
ETH,Ethiopia,2021,250.0,14.713359915,4.177,72.373,38.6,0.97926205,44.1196998962641,54.8853699463392,77.8932914733887
ETH,Ethiopia,2022,207.0,14.713359915,4.082,71.137,38.6,0.72080112,49.9599990844727,60.4599990844727,77.2632312774658
ETH,Ethiopia,2023,195.0,14.713359915,3.989,69.865,38.6,0.614245,49.9599990844727,60.4599990844727,76.9413528442383
GAB,Gabon,2000,178.0,14.9628511,4.469,132.158,9.2,1.06383789,87.0699996948242,88.8600006103516,20.4339595349562
GAB,Gabon,2001,160.0,14.99107874,4.417,127.116,9.2,1.26300132,87.0699996948242,88.8600006103516,19.5909006562552
GAB,Gabon,2002,151.0,15.00423275,4.36,125.344,9.2,1.19960451,87.0699996948242,88.8600006103516,18.7794758125826
GAB,Gabon,2003,134.0,15.00824821,4.299,123.369,9.2,1.4352864,87.0699996948242,88.8600006103516,18.0029169908426
GAB,Gabon,2004,142.0,15.01611577,4.252,123.115,9.2,1.35957062,87.0699996948242,88.8600006103516,17.2644561779389
GAB,Gabon,2005,175.0,15.03962094,4.21,120.986,9.2,1.05433261,87.0699996948242,88.8600006103516,16.5673253607757
GAB,Gabon,2006,186.0,15.07582019,4.17,118.986,9.2,1.2173816,87.0699996948242,88.8600006103516,15.9147565262569
GAB,Gabon,2007,173.0,15.09905021,4.142,117.015,9.2,1.23346996,87.0699996948242,88.8600006103516,15.3099816612864
GAB,Gabon,2008,158.0,15.11683405,4.118,116.72,9.2,1.06247222,87.0699996948242,88.8600006103516,14.7562327527684
GAB,Gabon,2009,158.0,15.10938707,4.138,117.179,9.2,1.54066849,87.0699996948242,88.8600006103516,14.2567417876068
GAB,Gabon,2010,144.0,15.07773354,4.153,117.319,9.2,1.57325745,87.0699996948242,88.8600006103516,13.8147407527055
GAB,Gabon,2011,149.0,15.02143787,4.151,115.331,9.2,1.58558345,87.0699996948242,88.8600006103516,13.4334616349685
GAB,Gabon,2012,173.0,14.93255114,4.086,111.976,9.2,1.48285842,87.0699996948242,88.8600006103516,13.1161364212999
GAB,Gabon,2013,235.0,14.85138909,4.019,108.161,9.2,1.82302928,87.0699996948242,88.8600006103516,12.8517519328363
GAB,Gabon,2014,273.0,14.77487952,3.953,104.465,9.2,1.51668847,87.0699996948242,88.8600006103516,12.3763982037031
GAB,Gabon,2015,239.0,14.72117464,3.921,101.746,9.2,1.56549394,87.0699996948242,88.8600006103516,11.914691616108
GAB,Gabon,2016,215.0,14.6912233,3.921,99.801,9.2,2.01055074,87.0699996948242,88.8600006103516,11.4554116593822
GAB,Gabon,2017,184.0,14.68044245,3.913,98.88,3.8,1.75976336,87.0699996948242,88.8600006103516,10.9990266743104
GAB,Gabon,2018,176.0,14.67291743,3.908,98.055,3.8,1.61284041,87.0699996948242,88.8600006103516,10.5460050018134
GAB,Gabon,2019,179.0,14.66220042,3.884,97.632,3.8,1.66963005,87.0699996948242,88.8600006103516,10.0968149829606
GAB,Gabon,2020,194.0,14.64981828,3.831,96.307,3.8,1.89678836,87.0699996948242,88.8600006103516,9.6519249589853
GAB,Gabon,2021,249.0,14.64981828,3.776,94.925,3.8,1.65491903,87.0699996948242,88.8600006103516,9.2118032713033
GAB,Gabon,2022,216.0,14.64981828,3.712,93.319,3.8,1.88504732,87.0699996948242,88.8600006103516,8.7756644540012
GAB,Gabon,2023,233.0,14.64981828,3.647,91.707,3.8,2.05877304,87.0699996948242,88.8600006103516,8.3624037202687
GHA,Ghana,2000,472.0,15.80318546,4.827,84.342,60.9,0.73089105,49.7900009155273,57.9000015258789,56.0626213359384
GHA,Ghana,2001,460.0,15.77820436,4.768,82.309,60.9,0.84126645,49.7900009155273,57.9000015258789,55.3589492682299
GHA,Ghana,2002,434.0,15.74756879,4.687,80.088,60.9,0.65024012,49.7900009155273,57.9000015258789,54.6515307875194
GHA,Ghana,2003,410.0,15.71697625,4.597,77.289,60.9,0.94345516,49.7900009155273,57.9000015258789,53.9452026418582
GHA,Ghana,2004,403.0,15.67465276,4.504,75.661,60.9,0.9509024,49.7900009155273,57.9000015258789,53.2427995474315
GHA,Ghana,2005,390.0,15.61324612,4.496,73.636,60.9,1.756845,49.7900009155273,57.9000015258789,52.5471562204243
GHA,Ghana,2006,385.0,15.54435939,4.399,74.147,60.9,1.65231752,49.7900009155273,57.9000015258789,51.8611073770215
GHA,Ghana,2007,377.0,15.45486489,4.288,75.409,60.9,1.63629603,49.7900009155273,57.9000015258789,51.1874877334082
GHA,Ghana,2008,380.0,15.34748982,4.217,73.096,60.9,1.64284575,49.7900009155273,57.9000015258789,50.5291320057694
GHA,Ghana,2009,369.0,15.23091984,4.179,71.37,60.9,2.04712129,49.7900009155273,57.9000015258789,49.8888749102901
GHA,Ghana,2010,363.0,15.10839751,4.181,70.724,60.9,2.26015067,65.2900009155273,71.5,49.2703073211296
GHA,Ghana,2011,356.0,14.98559055,4.177,71.413,60.9,2.35423017,65.2900009155273,71.5,48.6695913353512
GHA,Ghana,2012,351.0,14.88470305,4.154,71.644,41.8,1.97869766,65.2900009155273,71.5,48.0802081618969
GHA,Ghana,2013,338.0,14.79265996,4.114,72.474,41.8,1.85814357,65.2900009155273,71.5,47.5014205524087
GHA,Ghana,2014,317.0,14.72653646,4.029,72.556,41.8,1.40883136,65.2900009155273,71.5,46.9336601202852
GHA,Ghana,2015,310.0,14.67139497,3.982,72.481,41.8,1.5937829,52.3128333688922,60.1981035367761,46.3773584789248
GHA,Ghana,2016,296.0,14.61791717,3.873,70.423,39.0,1.3003906,52.3128333688922,60.1981035367761,45.832947241726
GHA,Ghana,2017,287.0,14.55987708,3.715,67.881,39.0,1.63058531,56.0200004577637,64.4899978637695,45.3008580220872
GHA,Ghana,2018,276.0,14.50085243,3.65,66.515,39.0,1.37083328,56.0200004577637,64.4899978637695,44.781522433407
GHA,Ghana,2019,260.0,14.45498341,3.593,64.279,39.0,1.9720608,56.0200004577637,64.4899978637695,44.2753720890839
GHA,Ghana,2020,253.0,14.41585206,3.541,62.026,39.0,2.52818918,56.0200004577637,64.4899978637695,43.7828386025163
GHA,Ghana,2021,264.0,14.41585206,3.492,59.76,39.0,2.09936643,72.1399993896484,76.4899978637695,43.3047443173464
GHA,Ghana,2022,239.0,14.41585206,3.434,58.808,39.0,2.03708911,72.1399993896484,76.4899978637695,42.749390397129
GHA,Ghana,2023,234.0,14.41585206,3.397,58.238,39.0,1.86317766,72.1399993896484,76.4899978637695,42.1925262225346
GIN,Guinea,2000,951.0,15.697290384999999,5.918,151.173,50.3,0.301292,18.2399997711182,29.7000007629394,69.0768894354776
GIN,Guinea,2001,946.0,15.665397805,5.834,146.167,50.3,0.37107071,18.2399997711182,29.7000007629394,68.7823051593746
GIN,Guinea,2002,916.0,15.630515429999999,5.781,147.271,50.3,0.64011806,18.2399997711182,29.7000007629394,68.4868637914186
GIN,Guinea,2003,892.0,15.595847745,5.744,143.04,50.3,0.42212996,18.2399997711182,29.7000007629394,68.1913984963673
GIN,Guinea,2004,869.0,15.567310280000001,5.733,138.322,50.3,0.24164158,18.2399997711182,29.7000007629394,67.8967424389784
GIN,Guinea,2005,843.0,15.552752475,5.727,138.1,50.3,0.26129073,18.2399997711182,29.7000007629394,67.6037287840093
GIN,Guinea,2006,825.0,15.541456075,5.704,138.735,50.3,0.24835719,18.2399997711182,29.7000007629394,67.3131906962178
GIN,Guinea,2007,802.0,15.51532823,5.664,139.395,44.0,0.24066733,18.2399997711182,29.7000007629394,67.0259613403614
GIN,Guinea,2008,772.0,15.428180665,5.596,142.485,44.0,0.26959306,18.2399997711182,29.7000007629394,66.7428738811978
GIN,Guinea,2009,766.0,15.32522103,5.528,143.059,44.0,0.26025116,18.2399997711182,29.7000007629394,66.4647614834846
GIN,Guinea,2010,750.0,15.243022195,5.435,144.497,44.0,0.36297843,12.1899995803833,25.3099994659424,66.1924573119794
GIN,Guinea,2011,728.0,15.151968395,5.337,141.49,44.0,0.51036745,12.1899995803833,25.3099994659424,65.9267945314397
GIN,Guinea,2012,703.0,15.07199299,5.232,138.242,21.3,0.51431388,12.1899995803833,25.3099994659424,65.6686063066233
GIN,Guinea,2013,682.0,14.99208548,5.151,136.008,21.3,0.48858824,12.1899995803833,25.3099994659424,65.4187258022878
GIN,Guinea,2014,664.0,14.917530235000001,5.07,133.031,21.3,0.61152339,21.9599990844727,32.0,65.1822079173318
GIN,Guinea,2015,642.0,14.851265954999999,5.002,129.659,21.3,0.42931107,21.9599990844727,32.0,64.9626808166504
GIN,Guinea,2016,606.0,14.816075175000002,4.915,126.677,21.3,0.66374409,23.9400005340576,32.0,64.6899719238281
GIN,Guinea,2017,582.0,14.798222915,4.793,126.32,21.3,0.60066199,23.9400005340576,32.0,64.4172668457031
GIN,Guinea,2018,560.0,14.777195585000001,4.669,126.102,11.7,0.61740124,27.6900005340576,39.6199989318848,64.1445617675781
GIN,Guinea,2019,548.0,14.745987025,4.576,126.258,11.7,0.92095226,27.6900005340576,39.6199989318848,63.8718452453613
GIN,Guinea,2020,528.0,14.713359915,4.489,125.054,11.7,0.77726084,27.6900005340576,39.6199989318848,63.5197791939449
GIN,Guinea,2021,533.0,14.713359915,4.399,122.721,11.7,0.68109477,27.6900005340576,39.6199989318848,63.1497821563744
GIN,Guinea,2022,500.0,14.713359915,4.303,120.438,11.7,0.72876471,27.6900005340576,39.6199989318848,62.7615032530894
GIN,Guinea,2023,494.0,14.713359915,4.217,118.577,11.7,0.80672276,27.6900005340576,39.6199989318848,62.3545916045295
GMB,"Gambia, The",2000,810.0,14.45231174,5.716,116.941,55.2,0.6015296,25.0599994659424,36.8199996948242,53.0277667126216
GMB,"Gambia, The",2001,794.0,14.37600518,5.67,114.117,55.2,0.61059773,25.0599994659424,36.8199996948242,51.6508020234083
GMB,"Gambia, The",2002,772.0,14.306661,5.656,108.131,55.2,0.54214686,25.0599994659424,36.8199996948242,50.4268846622967
GMB,"Gambia, The",2003,749.0,14.24715717,5.656,103.092,55.2,0.5868997,25.0599994659424,36.8199996948242,49.3989922004629
GMB,"Gambia, The",2004,719.0,14.19550997,5.683,100.599,55.2,0.78081375,25.0599994659424,36.8199996948242,48.4937977402199
GMB,"Gambia, The",2005,707.0,14.1511128,5.708,98.111,55.2,0.81679177,25.0599994659424,36.8199996948242,47.6417867339387
GMB,"Gambia, The",2006,682.0,14.09829074,5.736,99.965,55.2,0.88458723,25.0599994659424,36.8199996948242,46.8396714629434
GMB,"Gambia, The",2007,675.0,14.02248581,5.685,98.721,55.2,0.70619458,25.0599994659424,36.8199996948242,46.0803890576146
GMB,"Gambia, The",2008,653.0,13.94318632,5.625,95.364,55.2,0.7288478,25.0599994659424,36.8199996948242,45.3568766483329
GMB,"Gambia, The",2009,634.0,13.86175602,5.574,94.785,55.2,0.9055742,25.0599994659424,36.8199996948242,44.6620713654791
GMB,"Gambia, The",2010,632.0,13.79343378,5.558,92.194,34.2,0.91823167,25.0599994659424,36.8199996948242,43.9889103394338
GMB,"Gambia, The",2011,634.0,13.74875109,5.542,89.74,34.2,1.04374862,25.0599994659424,36.8199996948242,43.3303307005775
GMB,"Gambia, The",2012,628.0,13.70406,5.519,89.652,34.2,1.20622373,25.0599994659424,36.8199996948242,42.6792695792909
GMB,"Gambia, The",2013,606.0,13.66557008,5.392,86.721,34.2,1.08376527,25.0599994659424,36.8199996948242,42.029694388495
GMB,"Gambia, The",2014,561.0,13.63087925,5.197,81.725,34.2,1.09228694,25.0599994659424,36.8199996948242,41.3858200344449
GMB,"Gambia, The",2015,527.0,13.57906831,5.003,76.888,17.1,0.99829203,41.5800018310547,50.7799987792969,40.7541500591612
GMB,"Gambia, The",2016,490.0,13.52155484,4.809,72.228,17.1,1.2897681,41.5800018310547,50.7799987792969,40.1347527513437
GMB,"Gambia, The",2017,469.0,13.45422093,4.614,67.899,17.1,1.06097889,41.5800018310547,50.7799987792969,39.528287342763
GMB,"Gambia, The",2018,450.0,13.37802884,4.42,64.859,17.1,1.04798186,43.3499984741211,53.1599998474121,38.9354130651893
GMB,"Gambia, The",2019,422.0,13.30886256,4.33,63.374,17.1,1.28750503,43.3499984741211,53.1599998474121,38.356789150393
GMB,"Gambia, The",2020,400.0,13.24914954,4.248,61.874,22.0,1.9513855,43.3499984741211,53.1599998474121,37.7930748301445
GMB,"Gambia, The",2021,420.0,13.24914954,4.165,60.503,22.0,1.28643787,40.4500007629395,51.6399993896484,37.2449293362141
GMB,"Gambia, The",2022,365.0,13.24914954,4.078,59.158,22.0,1.54287362,40.4500007629395,51.6399993896484,36.7130119003722
GMB,"Gambia, The",2023,354.0,13.24914954,4.006,58.094,22.0,1.29954684,40.4500007629395,51.6399993896484,36.1979817543892
GNB,Guinea-Bissau,2000,1295.0,24.4269642,5.786,124.284,68.2,0.5933851,27.4899997711182,41.3600006103516,63.1587945611768
GNB,Guinea-Bissau,2001,1222.0,24.22013262,5.688,124.062,68.2,0.48134443,27.4899997711182,41.3600006103516,62.8372160589934
GNB,Guinea-Bissau,2002,1141.0,24.02515422,5.634,123.582,68.2,0.35467029,27.4899997711182,41.3600006103516,62.5265075632305
GNB,Guinea-Bissau,2003,1069.0,23.83002642,5.577,122.384,68.2,0.42981493,27.4899997711182,41.3600006103516,62.2226944258417
GNB,Guinea-Bissau,2004,980.0,23.62155308,5.5,118.528,68.2,0.57971573,27.4899997711182,41.3600006103516,61.9218019987804
GNB,Guinea-Bissau,2005,956.0,23.40545034,5.46,115.651,68.2,0.50890976,27.4899997711182,41.3600006103516,61.6198556340003
GNB,Guinea-Bissau,2006,831.0,23.19153176,5.406,115.841,68.2,0.49984464,27.4899997711182,41.3600006103516,61.3128806834548
GNB,Guinea-Bissau,2007,792.0,22.96639469,5.365,115.374,68.2,0.59780544,27.4899997711182,41.3600006103516,60.9969024990975
GNB,Guinea-Bissau,2008,802.0,22.72837606,5.266,113.712,68.2,0.54897773,27.4899997711182,41.3600006103516,60.6679464328819
GNB,Guinea-Bissau,2009,753.0,22.48518393,5.176,112.127,68.2,0.52002388,27.4899997711182,41.3600006103516,60.3283565777865
GNB,Guinea-Bissau,2010,698.0,22.24037951,5.111,110.942,75.7,0.46807465,27.4899997711182,41.3600006103516,59.9904403686523
GNB,Guinea-Bissau,2011,678.0,21.99522933,5.067,110.405,75.7,0.43690556,27.4899997711182,41.3600006103516,59.5608863830566
GNB,Guinea-Bissau,2012,704.0,21.76563928,5.003,107.919,75.7,0.50444686,27.4899997711182,41.3600006103516,59.1313972473145
GNB,Guinea-Bissau,2013,707.0,21.52644441,4.93,105.848,75.7,0.55160207,27.4899997711182,41.3600006103516,58.7023620605469
GNB,Guinea-Bissau,2014,662.0,21.27251736,4.79,102.357,75.7,0.59649962,27.4899997711182,41.3600006103516,58.2728004455566
GNB,Guinea-Bissau,2015,631.0,21.01391853,4.661,98.391,75.7,0.53779858,27.4899997711182,41.3600006103516,57.8431854248047
GNB,Guinea-Bissau,2016,617.0,20.72488384,4.519,94.263,75.7,0.48464295,27.4899997711182,41.3600006103516,57.413890838623
GNB,Guinea-Bissau,2017,597.0,20.42892323,4.347,90.151,75.7,0.49838862,27.4899997711182,41.3600006103516,56.9844207763672
GNB,Guinea-Bissau,2018,585.0,20.12995446,4.241,88.417,37.1,0.50527376,27.4899997711182,41.3600006103516,56.5550918579102
GNB,Guinea-Bissau,2019,598.0,19.83192923,4.153,87.043,37.1,0.45877996,40.3400001525879,54.8800010681152,56.1254425048828
GNB,Guinea-Bissau,2020,603.0,19.54887142,4.075,85.874,37.1,1.20048702,40.3400001525879,54.8800010681152,55.6961669921875
GNB,Guinea-Bissau,2021,617.0,19.54887142,3.998,84.568,39.9,1.13860166,40.3400001525879,54.8800010681152,55.2665863037109
GNB,Guinea-Bissau,2022,539.0,19.54887142,3.911,83.159,39.9,1.03818488,52.1599998474121,63.9300003051758,54.8372840881348
GNB,Guinea-Bissau,2023,505.0,19.54887142,3.836,81.981,39.9,0.9383629,52.1599998474121,63.9300003051758,54.4076156616211
GNQ,Equatorial Guinea,2000,406.0,15.697290384999999,5.834,186.496,8.8,0.52302271,81.620002746582,88.3099975585938,61.1845412866012
GNQ,Equatorial Guinea,2001,388.0,15.665397805,5.785,183.977,8.8,0.39180481,81.620002746582,88.3099975585938,61.1361634613469
GNQ,Equatorial Guinea,2002,364.0,15.630515429999999,5.731,184.231,8.8,0.36000615,81.620002746582,88.3099975585938,60.8030849608295
GNQ,Equatorial Guinea,2003,343.0,15.595847745,5.675,185.167,8.8,0.39797717,81.620002746582,88.3099975585938,60.104097514352
GNQ,Equatorial Guinea,2004,323.0,15.567310280000001,5.618,186.388,8.8,0.35340402,81.620002746582,88.3099975585938,59.0695990327632
GNQ,Equatorial Guinea,2005,312.0,15.552752475,5.559,186.155,8.8,0.40104085,81.620002746582,88.3099975585938,57.7185402828701
GNQ,Equatorial Guinea,2006,299.0,15.541456075,5.498,185.757,8.8,0.45787242,81.620002746582,88.3099975585938,56.0698720314796
GNQ,Equatorial Guinea,2007,289.0,15.51532823,5.433,185.349,8.8,0.48071325,81.620002746582,88.3099975585938,54.1425450453987
GNQ,Equatorial Guinea,2008,276.0,15.428180665,5.363,184.087,8.8,0.48362917,81.620002746582,88.3099975585938,51.9555100914342
GNQ,Equatorial Guinea,2009,267.0,15.32522103,5.288,182.423,8.8,0.76920271,81.620002746582,88.3099975585938,49.5277179363931
GNQ,Equatorial Guinea,2010,259.0,15.243022195,5.209,180.057,8.8,0.64514917,81.620002746582,88.3099975585938,46.8781193470824
GNQ,Equatorial Guinea,2011,254.0,15.151968395,5.126,178.292,8.8,0.59239239,81.620002746582,88.3099975585938,44.0256650903089
GNQ,Equatorial Guinea,2012,245.0,15.07199299,5.04,175.897,8.8,0.70269078,81.620002746582,88.3099975585938,40.9893059328797
GNQ,Equatorial Guinea,2013,236.0,14.99208548,4.952,173.885,8.8,0.61788166,81.620002746582,88.3099975585938,37.7879926416016
GNQ,Equatorial Guinea,2014,227.0,14.917530235000001,4.863,171.857,8.8,0.65114552,81.620002746582,88.3099975585938,34.4406759832816
GNQ,Equatorial Guinea,2015,222.0,14.851265954999999,4.774,169.671,8.8,0.7432819,81.620002746582,88.3099975585938,31.048729384645
GNQ,Equatorial Guinea,2016,216.0,14.816075175000002,4.686,167.303,8.8,0.86530524,81.620002746582,88.3099975585938,30.746730146949
GNQ,Equatorial Guinea,2017,212.0,14.798222915,4.599,164.344,8.8,0.78999829,81.620002746582,88.3099975585938,30.4483980867015
GNQ,Equatorial Guinea,2018,204.0,14.777195585000001,4.513,161.597,8.8,0.81501949,81.620002746582,88.3099975585938,30.1603376333825
GNQ,Equatorial Guinea,2019,198.0,14.745987025,4.429,158.817,8.8,0.8050639,81.620002746582,88.3099975585938,29.8824580452707
GNQ,Equatorial Guinea,2020,196.0,14.713359915,4.346,156.024,8.8,1.0338515,81.620002746582,88.3099975585938,29.6146685806753
GNQ,Equatorial Guinea,2021,202.0,14.713359915,4.266,154.136,8.8,1.14400554,81.620002746582,88.3099975585938,29.3568784979408
GNQ,Equatorial Guinea,2022,183.0,14.713359915,4.17,152.146,8.8,0.86760986,81.620002746582,88.3099975585938,29.1089970554533
GNQ,Equatorial Guinea,2023,174.0,14.713359915,4.081,150.442,8.8,1.12861156,81.620002746582,88.3099975585938,28.8709335116483
KEN,Kenya,2000,206.0,11.71417812,5.136,121.104,44.6,0.99913371,77.8899993896484,82.2300033569336,80.5446167788166
KEN,Kenya,2001,188.0,11.6290279,5.094,123.253,44.6,1.05907285,77.8899993896484,82.2300033569336,79.5583702931167
KEN,Kenya,2002,182.0,11.54382167,5.027,120.567,44.6,1.10948944,77.8899993896484,82.2300033569336,78.1413431862499
KEN,Kenya,2003,177.0,11.45262075,4.937,119.028,44.6,1.12453854,77.8899993896484,82.2300033569336,76.436110188101
KEN,Kenya,2004,177.0,11.35248599,4.861,118.167,44.6,1.07972252,77.8899993896484,82.2300033569336,74.5852460285546
KEN,Kenya,2005,178.0,11.2547789,4.801,115.294,44.6,1.11996722,77.8899993896484,82.2300033569336,72.7313254374952
KEN,Kenya,2006,188.0,11.16042465,4.754,112.795,44.6,1.17933488,77.8899993896484,82.2300033569336,71.0169231448075
KEN,Kenya,2007,198.0,11.07832741,4.718,113.472,44.6,1.27245092,77.8899993896484,82.2300033569336,69.5846138803761
KEN,Kenya,2008,197.0,11.00395261,4.66,112.227,44.6,1.35639918,77.8899993896484,82.2300033569336,68.5769723740857
KEN,Kenya,2009,208.0,10.93727423,4.567,110.195,44.6,1.4598949,77.8899993896484,82.2300033569336,68.1396913292695
KEN,Kenya,2010,210.0,10.87111443,4.446,108.691,44.6,1.56062746,77.8899993896484,82.2300033569336,68.1286712293542
KEN,Kenya,2011,209.0,10.8148241,4.284,104.615,44.6,1.60566163,77.8899993896484,82.2300033569336,68.1326050974591
KEN,Kenya,2012,214.0,10.76097957,4.116,100.219,44.6,1.62624443,77.8899993896484,82.2300033569336,68.1441869857239
KEN,Kenya,2013,206.0,10.70768354,3.955,95.576,44.6,1.66091359,77.8899993896484,82.2300033569336,68.1675545566012
KEN,Kenya,2014,203.0,10.64573764,3.843,89.953,44.6,1.83768213,77.8899993896484,82.2300033569336,68.2068454725437
KEN,Kenya,2015,203.0,10.56286285,3.766,81.864,37.7,1.92388499,77.8899993896484,82.2300033569336,68.2661973960042
KEN,Kenya,2016,196.0,10.45863059,3.689,73.781,37.7,2.03529072,77.8899993896484,82.2300033569336,68.3497479894353
KEN,Kenya,2017,186.0,10.3358498,3.609,68.182,37.7,1.71156442,77.8899993896484,82.2300033569336,68.4616349152898
KEN,Kenya,2018,183.0,10.20389907,3.536,66.659,37.7,1.7670722,77.8899993896484,82.2300033569336,68.6059958360204
KEN,Kenya,2019,176.0,10.08017709,3.433,63.656,37.7,2.00870633,77.8899993896484,82.2300033569336,68.8104433578865
KEN,Kenya,2020,184.0,9.971119457,3.364,59.38,44.4,2.2100935,77.8899993896484,82.2300033569336,68.7936505367384
KEN,Kenya,2021,183.0,9.971119457,3.312,59.513,46.4,2.22920752,77.8899993896484,82.2300033569336,68.7120665978029
KEN,Kenya,2022,155.0,9.971119457,3.262,57.272,45.5,2.00364423,77.8899993896484,82.2300033569336,68.5692179933054
KEN,Kenya,2023,149.0,9.971119457,3.208,56.313,45.5,1.95431077,77.8899993896484,82.2300033569336,68.3669659183571
LBR,Liberia,2000,786.0,19.33044961,5.875,145.316,61.1,0.64587975,47.7564526312262,59.4030316392756,56.2289957044181
LBR,Liberia,2001,720.0,19.42925939,5.774,143.378,61.1,0.5318647,47.7564526312262,59.4030316392756,55.8490343984911
LBR,Liberia,2002,700.0,19.56087066,5.653,140.238,61.1,0.56401348,47.7564526312262,59.4030316392756,55.433298473009
LBR,Liberia,2003,759.0,19.73078931,5.547,143.407,61.1,0.4171488,47.7564526312262,59.4030316392756,54.9995426996959
LBR,Liberia,2004,645.0,19.83169923,5.506,143.37,61.1,0.51704127,47.7564526312262,59.4030316392756,54.5655218502756
LBR,Liberia,2005,619.0,19.86576016,5.519,146.914,61.1,0.54538667,47.7564526312262,59.4030316392756,54.1489906964723
LBR,Liberia,2006,647.0,19.84136883,5.53,150.311,61.1,0.47191602,47.7564526312262,59.4030316392756,53.7677040100098
LBR,Liberia,2007,659.0,19.78796505,5.462,151.496,61.1,0.73447984,47.7564526312262,59.4030316392756,53.3895149230957
LBR,Liberia,2008,663.0,19.75455148,5.328,149.859,61.1,0.91902161,47.7564526312262,59.4030316392756,52.8919502128975
LBR,Liberia,2009,674.0,19.73623955,5.174,149.039,61.1,1.1980319,47.7564526312262,59.4030316392756,52.3754744077438
LBR,Liberia,2010,712.0,19.71773782,5.058,146.993,61.1,1.2732017,47.7564526312262,59.4030316392756,51.8592482942093
LBR,Liberia,2011,726.0,19.69694018,4.97,145.602,61.1,1.51829398,47.7564526312262,59.4030316392756,51.3416697229151
LBR,Liberia,2012,728.0,19.6799741,4.881,143.474,61.1,1.55076897,47.7564526312262,59.4030316392756,50.8226752360474
LBR,Liberia,2013,725.0,19.67182339,4.749,142.286,61.1,0.31744617,47.7564526312262,59.4030316392756,50.3022013757923
LBR,Liberia,2014,801.0,19.68867393,4.622,141.648,31.7,0.82358247,47.7564526312262,59.4030316392756,49.7801846843358
LBR,Liberia,2015,784.0,19.71641265,4.523,140.319,31.7,1.20420825,47.7564526312262,59.4030316392756,49.2565617038637
LBR,Liberia,2016,690.0,19.76232962,4.461,137.803,33.6,1.39315951,47.7564526312262,59.4030316392756,48.7312689765616
LBR,Liberia,2017,703.0,19.80835968,4.396,135.26,33.6,1.38745701,47.7564526312262,59.4030316392756,48.2042430446151
LBR,Liberia,2018,707.0,19.84910526,4.336,133.418,33.6,1.68725502,47.7564526312262,59.4030316392756,47.6754204502094
LBR,Liberia,2019,689.0,19.86875088,4.257,132.002,33.6,1.3562839,47.7564526312262,59.4030316392756,47.14473773553
LBR,Liberia,2020,664.0,19.8812653,4.174,130.522,33.6,1.32303464,47.7564526312262,59.4030316392756,46.6121314427619
LBR,Liberia,2021,667.0,19.8812653,4.089,129.044,33.6,1.11087501,47.7564526312262,59.4030316392756,46.0775381140902
LBR,Liberia,2022,634.0,19.8812653,4.016,127.332,33.6,1.29002357,47.7564526312262,59.4030316392756,45.5408942917
LBR,Liberia,2023,628.0,19.8812653,3.95,126.012,33.6,1.30092859,47.7564526312262,59.4030316392756,45.002136517776
LSO,Lesotho,2000,413.0,15.04919644,3.605,77.55,74.9,2.90852237,92.0500030517578,86.25,80.6726011441619
LSO,Lesotho,2001,465.0,14.99172486,3.63,79.187,74.9,3.60629058,92.0500030517578,86.25,80.1024763980114
LSO,Lesotho,2002,484.0,14.942076,3.682,80.323,74.9,3.18394804,92.0500030517578,86.25,79.5073727311438
LSO,Lesotho,2003,508.0,14.89933697,3.619,82.531,74.9,3.14434719,92.0500030517578,86.25,78.8768915073075
LSO,Lesotho,2004,499.0,14.8617598,3.508,80.425,74.9,2.99280524,92.0500030517578,86.25,78.2006340902506
LSO,Lesotho,2005,549.0,14.83127098,3.428,82.775,74.9,2.25555015,92.0500030517578,86.25,77.4682018437212
LSO,Lesotho,2006,696.0,14.80876748,3.414,85.595,74.9,3.04879928,74.7300033569336,66.0999984741211,76.6670113756886
LSO,Lesotho,2007,891.0,14.79102388,3.442,89.92,74.9,4.63973618,74.7300033569336,66.0999984741211,75.7812050094339
LSO,Lesotho,2008,1205.0,14.77836172,3.392,89.956,74.9,4.36957979,74.7300033569336,66.0999984741211,74.8033696340317
LSO,Lesotho,2009,1387.0,14.76863985,3.309,86.83,74.9,4.86539936,74.7300033569336,66.0999984741211,73.7408971735145
LSO,Lesotho,2010,1311.0,14.76803273,3.25,84.125,74.9,3.9816153,74.7300033569336,66.0999984741211,72.5995184992005
LSO,Lesotho,2011,1210.0,14.7700246,3.343,85.201,74.9,4.93363905,74.7300033569336,66.0999984741211,71.3849644824079
LSO,Lesotho,2012,1000.0,14.77232303,3.296,87.357,74.9,5.62558651,74.7300033569336,66.0999984741211,70.1029659944547
LSO,Lesotho,2013,855.0,14.76289974,3.283,88.379,74.9,6.12028074,74.7300033569336,66.0999984741211,68.7592539066593
LSO,Lesotho,2014,707.0,14.74830525,3.239,85.643,74.9,5.8080492,74.7300033569336,66.0999984741211,67.3595590903396
LSO,Lesotho,2015,594.0,14.72420946,3.217,83.902,74.9,5.62011147,74.7300033569336,66.0999984741211,65.9096124168139
LSO,Lesotho,2016,518.0,14.68443831,3.18,85.849,74.9,5.59334755,98.5199966430664,97.2699966430664,64.4922049290559
LSO,Lesotho,2017,468.0,14.63635439,3.105,84.285,41.9,6.03923559,98.5199966430664,97.2699966430664,63.4716351931154
LSO,Lesotho,2018,491.0,14.57876038,3.016,80.001,41.9,5.5954361,91.7900009155273,86.2399978637695,62.430907252585
LSO,Lesotho,2019,467.0,14.51406776,2.924,76.564,41.9,6.75437784,97.5478352060952,92.3961659464955,61.3959079553741
LSO,Lesotho,2020,529.0,14.44742354,2.846,74.143,41.9,4.87197256,97.5478352060952,92.3961659464955,60.3670694574468
LSO,Lesotho,2021,577.0,14.44742354,2.769,73.048,41.9,4.38429165,97.5478352060952,92.3961659464955,59.3448239148003
LSO,Lesotho,2022,477.0,14.44742354,2.716,71.785,41.9,6.55054998,97.5478352060952,92.3961659464955,58.3296034834678
LSO,Lesotho,2023,478.0,14.44742354,2.694,70.642,41.9,5.84427834,97.5478352060952,92.3961659464955,57.3218403195215
MDG,Madagascar,2000,638.0,20.02741798,5.665,147.654,57.5,1.84589028,65.2799987792969,70.6900024414062,74.9904244391736
MDG,Madagascar,2001,611.0,20.00854009,5.528,149.931,57.5,1.83291543,65.2799987792969,70.6900024414062,74.6920056031854
MDG,Madagascar,2002,593.0,20.00851132,5.412,148.006,57.5,1.74709666,65.2799987792969,70.6900024414062,74.3962510081096
MDG,Madagascar,2003,571.0,19.98362292,5.329,146.797,57.5,2.17278719,65.2799987792969,70.6900024414062,74.1032331921522
MDG,Madagascar,2004,555.0,19.93470746,5.264,145.501,57.5,2.17331147,65.2799987792969,70.6900024414062,73.8130246935196
MDG,Madagascar,2005,540.0,19.85947711,5.195,143.465,55.3,1.93450081,65.2799987792969,70.6900024414062,73.5256980504178
MDG,Madagascar,2006,528.0,19.7688229,5.133,142.264,55.3,1.89314044,65.2799987792969,70.6900024414062,73.2413258010532
MDG,Madagascar,2007,522.0,19.69024134,5.083,142.953,55.3,1.90437353,65.2799987792969,70.6900024414062,72.9599804836318
MDG,Madagascar,2008,510.0,19.63163842,5.043,143.365,55.3,1.41035628,65.2799987792969,70.6900024414062,72.68173463636
MDG,Madagascar,2009,507.0,19.60388726,5.003,145.191,55.3,1.30581379,65.2799987792969,70.6900024414062,72.4066607974439
MDG,Madagascar,2010,500.0,19.57581736,4.896,143.045,65.3,1.86784148,65.2799987792969,70.6900024414062,72.1348315050897
MDG,Madagascar,2011,492.0,19.54340185,4.737,139.559,65.3,1.67813444,65.2799987792969,70.6900024414062,71.8663192975037
MDG,Madagascar,2012,487.0,19.49897996,4.613,137.347,67.3,1.48979211,68.2799987792969,71.5699996948242,71.6011967128919
MDG,Madagascar,2013,481.0,19.43649089,4.527,136.369,67.3,1.30425918,68.2799987792969,71.5699996948242,71.3395362894607
MDG,Madagascar,2014,477.0,19.35283154,4.421,136.755,67.3,1.74814212,68.2799987792969,71.5699996948242,71.0814105654162
MDG,Madagascar,2015,474.0,19.25947245,4.335,135.56,67.3,1.99010992,68.2799987792969,71.5699996948242,70.8268920789646
MDG,Madagascar,2016,470.0,19.15460803,4.285,135.171,67.3,2.37194586,68.2799987792969,71.5699996948242,70.5760533683122
MDG,Madagascar,2017,469.0,19.04332611,4.259,135.916,67.3,2.24615121,68.2799987792969,71.5699996948242,70.328966971665
MDG,Madagascar,2018,466.0,18.92827309,4.246,136.257,67.3,1.49675477,75.0699996948242,76.6800003051758,70.0818874653091
MDG,Madagascar,2019,462.0,18.81887394,4.221,136.38,67.3,0.68268955,75.0699996948242,76.6800003051758,69.6953027629796
MDG,Madagascar,2020,447.0,18.71212047,4.17,135.016,67.3,0.68988532,75.0699996948242,76.6800003051758,69.2980525832452
MDG,Madagascar,2021,467.0,18.71212047,4.104,133.195,69.2,0.74739987,71.75,74.6900024414062,68.8862876783964
MDG,Madagascar,2022,439.0,18.71212047,4.036,131.566,69.2,0.89582229,71.75,74.6900024414062,68.4602186534114
MDG,Madagascar,2023,445.0,18.71212047,3.972,129.802,69.2,0.98797482,71.75,74.6900024414062,68.0200561139054
MLI,Mali,2000,741.0,15.697290384999999,6.886,173.782,68.6,1.29321861,15.8999996185303,24.0,81.022368962675
MLI,Mali,2001,694.0,15.665397805,6.852,170.362,68.6,1.05405474,15.8999996185303,24.0,80.6818049887335
MLI,Mali,2002,649.0,15.630515429999999,6.819,170.206,68.6,1.10984015,15.8999996185303,24.0,80.3207019637269
MLI,Mali,2003,616.0,15.595847745,6.783,171.979,68.6,1.41243839,15.8999996185303,24.0,79.9405768752015
MLI,Mali,2004,592.0,15.567310280000001,6.741,175.979,68.6,1.58851421,15.8999996185303,24.0,79.5429467107036
MLI,Mali,2005,577.0,15.552752475,6.708,177.855,68.6,1.39720833,15.8999996185303,24.0,79.1293284577795
MLI,Mali,2006,568.0,15.541456075,6.677,172.661,64.0,1.22405839,18.1900005340576,26.1800003051758,78.7012391039754
MLI,Mali,2007,574.0,15.51532823,6.647,169.479,64.0,0.99671644,18.1900005340576,26.1800003051758,78.2601956368378
MLI,Mali,2008,573.0,15.428180665,6.624,166.711,64.0,0.71373433,18.1900005340576,26.1800003051758,77.8077150439129
MLI,Mali,2009,565.0,15.32522103,6.592,167.687,63.3,0.66568589,18.1900005340576,26.1800003051758,77.3442044782116
MLI,Mali,2010,558.0,15.243022195,6.579,169.512,63.3,0.66893148,20.2900009155273,31.1000003814697,76.8640538175106
MLI,Mali,2011,553.0,15.151968395,6.545,168.842,63.3,0.6047653,18.8999996185303,30.6200008392334,76.3620325960696
MLI,Mali,2012,549.0,15.07199299,6.523,166.926,63.3,0.41352206,18.8999996185303,30.6200008392334,75.8393831151412
MLI,Mali,2013,525.0,14.99208548,6.491,164.264,63.3,0.81583834,18.8999996185303,30.6200008392334,75.2966373145117
MLI,Mali,2014,507.0,14.917530235000001,6.441,161.419,63.3,0.89173758,18.8999996185303,30.6200008392334,74.7343271339675
MLI,Mali,2015,490.0,14.851265954999999,6.385,159.124,63.3,0.91927379,22.2000007629394,33.0699996948242,74.152984513295
MLI,Mali,2016,472.0,14.816075175000002,6.319,156.879,63.3,1.20876825,22.2000007629394,33.0699996948242,73.5531413922805
MLI,Mali,2017,453.0,14.798222915,6.251,154.893,63.3,1.17751467,22.2000007629394,33.0699996948242,72.9353297107104
MLI,Mali,2018,434.0,14.777195585000001,6.118,150.828,29.4,1.15118647,25.7399997711182,35.4700012207031,72.3000814083712
MLI,Mali,2019,416.0,14.745987025,5.892,144.648,29.4,1.1192745,25.7399997711182,35.4700012207031,71.6479284250491
MLI,Mali,2020,405.0,14.713359915,5.85,143.445,29.4,1.40269554,25.7399997711182,35.4700012207031,70.9794027005307
MLI,Mali,2021,415.0,14.713359915,5.779,141.933,36.1,1.35538208,25.7399997711182,35.4700012207031,70.2950361746022
MLI,Mali,2022,381.0,14.713359915,5.692,140.02,36.1,1.36568475,25.7399997711182,35.4700012207031,69.5984294318101
MLI,Mali,2023,367.0,14.713359915,5.614,138.564,36.1,1.34937346,25.7399997711182,35.4700012207031,68.9968110976765
MOZ,Mozambique,2000,547.0,19.34426761,5.83,168.755,87.6,1.08604574,33.189998626709,48.1599998474121,70.7576302688559
MOZ,Mozambique,2001,473.0,19.29317311,5.755,167.399,87.6,1.311831,33.189998626709,48.1599998474121,70.5862902235761
MOZ,Mozambique,2002,398.0,19.24181469,5.667,165.639,87.6,1.17593813,33.189998626709,48.1599998474121,70.4313676665652
MOZ,Mozambique,2003,360.0,19.1739552,5.6,161.311,87.6,1.1753726,33.189998626709,48.1599998474121,70.2853659731361
MOZ,Mozambique,2004,321.0,19.08844413,5.551,157.664,87.6,1.12229657,33.189998626709,48.1599998474121,70.1407885186018
MOZ,Mozambique,2005,301.0,18.99732484,5.5,157.164,87.6,1.4261055,33.189998626709,48.1599998474121,69.9901386782752
MOZ,Mozambique,2006,298.0,18.89085126,5.452,156.756,87.6,1.14244211,33.189998626709,48.1599998474121,69.8259198274693
MOZ,Mozambique,2007,327.0,18.76911193,5.466,155.861,87.6,1.17217517,33.189998626709,48.1599998474121,69.6401868652878
MOZ,Mozambique,2008,365.0,18.63613592,5.598,158.621,81.1,1.20704949,33.189998626709,48.1599998474121,69.4374642304816
MOZ,Mozambique,2009,352.0,18.48927837,5.681,160.505,81.1,1.2755909,36.4500007629395,50.5800018310547,69.2284407940841
MOZ,Mozambique,2010,305.0,18.3514668,5.66,161.838,81.1,1.24370587,36.4500007629395,50.5800018310547,69.0138220177079
MOZ,Mozambique,2011,268.0,18.22383997,5.599,164.848,81.1,1.25546241,36.4500007629395,50.5800018310547,68.7937769967206
MOZ,Mozambique,2012,218.0,18.11548988,5.518,167.545,81.1,1.23552883,36.4500007629395,50.5800018310547,68.5684748264895
MOZ,Mozambique,2013,196.0,18.0298546,5.43,170.249,81.1,1.49877322,36.4500007629395,50.5800018310547,68.3380846023821
MOZ,Mozambique,2014,210.0,17.96641801,5.304,170.375,74.4,1.71540534,36.4500007629395,50.5800018310547,68.1027754197658
MOZ,Mozambique,2015,216.0,17.91827111,5.245,168.903,74.4,1.78662503,43.060001373291,56.0400009155273,67.8627163740082
MOZ,Mozambique,2016,202.0,17.88144373,5.188,167.354,74.4,1.7231313,43.060001373291,56.0400009155273,67.6180765604766
MOZ,Mozambique,2017,187.0,17.84725443,5.128,165.462,74.4,1.73677838,50.2999992370605,60.6599998474121,67.3725588507325
MOZ,Mozambique,2018,159.0,17.81782934,5.07,163.386,74.4,1.7863487,50.2999992370605,60.6599998474121,67.0097440926459
MOZ,Mozambique,2019,134.0,17.78873826,5.016,161.32,81.6,1.8260498,50.2999992370605,60.6599998474121,66.5822758482968
MOZ,Mozambique,2020,123.0,17.76020276,4.959,159.032,81.6,2.3917768,48.5699996948242,59.7799987792969,66.0955993583715
MOZ,Mozambique,2021,180.0,17.76020276,4.905,156.822,81.6,2.28472924,48.5699996948242,59.7799987792969,65.5500740598446
MOZ,Mozambique,2022,104.0,17.76020276,4.84,155.276,81.4,2.28882098,50.8850477869802,61.6653441678133,64.9463361952055
MOZ,Mozambique,2023,99.0,17.76020276,4.763,153.45,81.4,2.249192,50.8850477869802,61.6653441678133,64.2850216851593
MRT,Mauritania,2000,644.0,15.697290384999999,5.456,89.946,30.7,0.46969447,43.4199981689453,51.2099990844727,61.9444141457826
MRT,Mauritania,2001,616.0,15.665397805,5.407,91.034,30.7,0.54510015,43.4199981689453,51.2099990844727,61.8929236849579
MRT,Mauritania,2002,590.0,15.630515429999999,5.373,90.649,30.7,0.87326568,43.4199981689453,51.2099990844727,61.6099621561792
MRT,Mauritania,2003,571.0,15.595847745,5.364,91.322,30.7,0.7719968,43.4199981689453,51.2099990844727,61.1133077680081
MRT,Mauritania,2004,557.0,15.567310280000001,5.374,96.543,28.5,0.70654863,43.4199981689453,51.2099990844727,60.4314424335539
MRT,Mauritania,2005,536.0,15.552752475,5.376,98.479,28.5,0.81955862,43.4199981689453,51.2099990844727,59.592848065926
MRT,Mauritania,2006,521.0,15.541456075,5.404,100.627,28.5,0.67619681,43.4199981689453,51.2099990844727,58.6260065782336
MRT,Mauritania,2007,516.0,15.51532823,5.426,102.838,28.5,0.76387841,43.4199981689453,51.2099990844727,57.5593998835861
MRT,Mauritania,2008,506.0,15.428180665,5.436,102.904,19.2,0.8877672,43.4199981689453,51.2099990844727,56.4215098950927
MRT,Mauritania,2009,500.0,15.32522103,5.406,102.202,19.2,0.87885523,43.4199981689453,51.2099990844727,55.2408185258629
MRT,Mauritania,2010,499.0,15.243022195,5.384,101.835,19.2,0.73150158,43.4199981689453,51.2099990844727,54.0458076890058
MRT,Mauritania,2011,494.0,15.151968395,5.38,101.953,19.2,0.74974972,43.4199981689453,51.2099990844727,52.8649592976309
MRT,Mauritania,2012,496.0,15.07199299,5.352,101.637,19.2,0.89773965,43.4199981689453,51.2099990844727,51.7267552648475
MRT,Mauritania,2013,496.0,14.99208548,5.317,100.99,19.2,1.08287692,56.5900001525879,62.0699996948242,50.6446026774087
MRT,Mauritania,2014,484.0,14.917530235000001,5.261,99.962,11.7,1.25234473,56.5900001525879,62.0699996948242,49.5305208773144
MRT,Mauritania,2015,469.0,14.851265954999999,5.211,98.982,11.7,1.41883922,57.4300003051758,65.1100006103516,48.3319649950378
MRT,Mauritania,2016,456.0,14.816075175000002,5.157,97.886,11.7,1.19934916,57.4300003051758,65.1100006103516,47.0814372680054
MRT,Mauritania,2017,450.0,14.798222915,5.106,96.818,11.7,1.23123157,57.4300003051758,65.1100006103516,45.8029551497996
MRT,Mauritania,2018,437.0,14.777195585000001,5.044,95.559,11.7,0.91096455,57.4300003051758,65.1100006103516,44.8694922999919
MRT,Mauritania,2019,424.0,14.745987025,4.984,94.333,10.2,1.10124004,57.4300003051758,65.1100006103516,43.9403784220854
MRT,Mauritania,2020,413.0,14.713359915,4.912,92.93,10.2,1.00379241,51.810001373291,59.5299987792969,43.0163298941107
MRT,Mauritania,2021,425.0,14.713359915,4.848,91.693,10.2,1.49700129,51.810001373291,59.5299987792969,42.098464858359
MRT,Mauritania,2022,385.0,14.713359915,4.77,90.246,10.2,1.70580709,51.810001373291,59.5299987792969,41.1879003802774
MRT,Mauritania,2023,381.0,14.713359915,4.697,88.903,10.2,1.48361778,51.810001373291,59.5299987792969,40.2857535252942
MUS,Mauritius,2000,43.0,19.42225827,1.99,37.723,1.1,1.52947044,80.5,84.3000030517578,57.936876936712
MUS,Mauritius,2001,42.0,19.46593367,1.91,34.884,1.1,1.57129419,80.5,84.3000030517578,58.1172785819819
MUS,Mauritius,2002,42.0,19.50322608,1.94,35.18,1.1,1.68696284,80.5,84.3000030517578,58.3013170061136
MUS,Mauritius,2003,42.0,19.53504611,1.87,34.917,1.1,1.6688329,80.5,84.3000030517578,58.4872934748246
MUS,Mauritius,2004,43.0,19.55790795,1.92,35.548,1.1,1.80295277,80.5,84.3000030517578,58.6734459977958
MUS,Mauritius,2005,43.0,19.56474264,1.88,34.048,1.1,1.69515753,80.5,84.3000030517578,58.8580125847083
MUS,Mauritius,2006,45.0,19.5449446,1.77,32.907,1.1,1.61826241,80.5,84.3000030517578,59.0392312452433
MUS,Mauritius,2007,46.0,19.50675692,1.74,33.568,1.1,1.47311974,80.5,84.3000030517578,59.2153399890817
MUS,Mauritius,2008,48.0,19.45307598,1.67,32.825,1.1,1.38968194,80.5,84.3000030517578,59.3845768259046
MUS,Mauritius,2009,51.0,19.38632134,1.59,31.577,1.1,1.57988811,80.5,84.3000030517578,59.5451797653931
MUS,Mauritius,2010,53.0,19.31122561,1.57,30.745,1.1,1.99484634,80.5,84.3000030517578,59.6953868172282
MUS,Mauritius,2011,55.0,19.22769447,1.55,30.324,1.1,1.74817169,86.6600036621094,89.25,59.8334076771284
MUS,Mauritius,2012,55.0,19.13070053,1.56,29.525,1.1,1.87548065,88.9800033569336,91.7699966430664,59.9630488384915
MUS,Mauritius,2013,58.0,19.04062954,1.45,26.724,1.1,1.93168211,89.0500030517578,91.4899978637695,60.0891151441229
MUS,Mauritius,2014,60.0,18.96024327,1.44,24.774,1.1,2.42503381,90.2799987792969,92.4700012207031,60.2112428028265
MUS,Mauritius,2015,61.0,18.89011222,1.37,23.288,1.1,2.31317115,90.6500015258789,92.7099990844727,60.3290389382274
MUS,Mauritius,2016,62.0,18.82843168,1.41,23.523,1.1,2.44510746,90.9800033569336,93.1600036621094,60.4421106739506
MUS,Mauritius,2017,66.0,18.79144117,1.46,24.027,0.5,2.47479272,90.9800033569336,93.1600036621094,60.5500651336211
MUS,Mauritius,2018,67.0,18.74402725,1.42,23.33,0.5,2.48200822,90.9800033569336,93.1600036621094,60.6525094408641
MUS,Mauritius,2019,67.0,18.71573023,1.41,22.83,0.5,2.50442028,90.9800033569336,93.1600036621094,60.7490507193045
MUS,Mauritius,2020,58.0,18.69435005,1.46,22.846,0.5,2.93306947,90.9800033569336,93.1600036621094,60.8392960925675
MUS,Mauritius,2021,80.0,18.69435005,1.42,21.346,0.5,3.35773063,91.6842672667001,92.9800213334339,60.922852684278
MUS,Mauritius,2022,61.0,18.69435005,1.33,20.064,0.5,2.52426147,91.6842672667001,92.9800213334339,60.9999874114216
MUS,Mauritius,2023,66.0,18.69435005,1.4,19.768,0.5,2.46710205,92.7399365502378,94.2877776512134,60.9960098907774
MWI,Malawi,2000,506.0,16.48843931,6.002,154.744,74.4,1.01542294,65.764608116923,72.8266778164735,85.3229396712341
MWI,Malawi,2001,447.0,16.44847382,5.943,153.767,74.4,0.83659285,65.764608116923,72.8266778164735,85.219599275287
MWI,Malawi,2002,404.0,16.39365043,5.903,152.725,74.4,0.97493625,65.764608116923,72.8266778164735,85.1277512559442
MWI,Malawi,2003,346.0,16.32141123,5.875,154.279,74.4,1.17513871,65.764608116923,72.8266778164735,85.0448615308892
MWI,Malawi,2004,304.0,16.24644739,5.864,156.414,74.4,0.85772187,65.764608116923,72.8266778164735,84.9683960178054
MWI,Malawi,2005,283.0,16.17242955,5.848,158.396,74.4,1.05274868,65.764608116923,72.8266778164735,84.8958206343759
MWI,Malawi,2006,286.0,16.08973706,5.802,156.845,74.4,0.9437108,65.764608116923,72.8266778164735,84.8246012982843
MWI,Malawi,2007,333.0,16.00518664,5.724,153.372,74.4,0.73458099,65.764608116923,72.8266778164735,84.7522039272139
MWI,Malawi,2008,430.0,15.93038775,5.609,149.444,74.4,1.3674773,65.764608116923,72.8266778164735,84.6761970071622
MWI,Malawi,2009,512.0,15.87034354,5.453,146.351,74.4,1.0557555,65.764608116923,72.8266778164735,84.5984687233152
MWI,Malawi,2010,517.0,15.82933914,5.263,143.882,72.9,1.13196635,65.764608116923,72.8266778164735,84.5223030619482
MWI,Malawi,2011,486.0,15.81446077,5.083,140.716,72.9,1.15239477,65.764608116923,72.8266778164735,84.4476846091277
MWI,Malawi,2012,447.0,15.81643031,4.902,138.194,72.9,0.95642853,65.764608116923,72.8266778164735,84.3746866959536
MWI,Malawi,2013,410.0,15.82263733,4.759,135.531,72.9,1.48205006,65.764608116923,72.8266778164735,84.3033826535258
MWI,Malawi,2014,367.0,15.82486683,4.569,132.107,72.9,1.56810546,65.764608116923,72.8266778164735,84.233845812944
MWI,Malawi,2015,354.0,15.81858387,4.384,128.196,72.9,1.89914215,65.764608116923,72.8266778164735,84.1661495053082
MWI,Malawi,2016,312.0,15.79061511,4.216,125.062,71.7,1.91101837,65.764608116923,72.8266778164735,84.100367061718
MWI,Malawi,2017,284.0,15.75454101,4.113,123.466,71.7,1.71919668,65.764608116923,72.8266778164735,84.0365718132734
MWI,Malawi,2018,267.0,15.70602917,4.021,122.398,71.7,1.68875861,71.0699996948242,76.7200012207031,83.9778513445745
MWI,Malawi,2019,260.0,15.64313496,3.952,120.579,75.4,1.53329957,71.0699996948242,76.7200012207031,83.8616253380999
MWI,Malawi,2020,256.0,15.57640226,3.877,118.757,75.4,1.56224585,62.6800003051758,70.1500015258789,83.7038528243591
MWI,Malawi,2021,286.0,15.57640226,3.791,116.517,75.4,1.36146903,62.6800003051758,70.1500015258789,83.5118074199306
MWI,Malawi,2022,239.0,15.57640226,3.72,115.047,75.4,0.87697619,62.6800003051758,70.1500015258789,83.2853968020564
MWI,Malawi,2023,225.0,15.57640226,3.648,113.577,75.4,0.83762544,62.6800003051758,70.1500015258789,83.0251253334644
NAM,Namibia,2000,384.0,16.43884271,3.991,83.882,47.6,5.6193819,83.5400009155273,84.9400024414062,67.8831043600123
NAM,Namibia,2001,376.0,16.4230868,3.827,79.963,47.6,5.73190451,83.5400009155273,84.9400024414062,67.1424941574281
NAM,Namibia,2002,313.0,16.39375991,3.693,76.292,47.6,5.92470026,83.5400009155273,84.9400024414062,66.3540698543972
NAM,Namibia,2003,290.0,16.34675337,3.58,75.469,47.6,6.06180239,83.5400009155273,84.9400024414062,65.4539936280367
NAM,Namibia,2004,282.0,16.2999004,3.545,74.086,47.6,5.69722843,83.5400009155273,84.9400024414062,64.4643523329967
NAM,Namibia,2005,344.0,16.26049837,3.571,74.71,47.6,5.24643993,83.5400009155273,84.9400024414062,63.4129985446936
NAM,Namibia,2006,408.0,16.22717012,3.601,75.43,47.6,5.04455662,83.5400009155273,84.9400024414062,62.3277848385436
NAM,Namibia,2007,489.0,16.20396645,3.608,75.414,47.6,5.38635349,83.5400009155273,84.9400024414062,61.236563789963
NAM,Namibia,2008,537.0,16.17653405,3.616,76.027,47.6,4.89047384,83.5400009155273,84.9400024414062,60.1671879743682
NAM,Namibia,2009,547.0,16.13674966,3.633,77.097,38.6,4.31238842,83.5400009155273,84.9400024414062,59.1475099671754
NAM,Namibia,2010,531.0,16.07762187,3.657,78.508,38.6,4.88263464,83.5400009155273,84.9400024414062,58.2053823438009
NAM,Namibia,2011,498.0,15.99578444,3.658,78.949,38.6,5.12084961,87.9499969482422,88.2699966430664,57.3723924378465
NAM,Namibia,2012,439.0,15.90399395,3.676,80.202,38.6,4.80753613,87.9499969482422,88.2699966430664,56.6195920814306
NAM,Namibia,2013,402.0,15.80797267,3.653,78.625,38.6,5.20561123,87.9499969482422,88.2699966430664,55.8893230920868
NAM,Namibia,2014,369.0,15.7315225,3.635,76.954,38.6,5.00115061,87.9499969482422,88.2699966430664,55.1785751789441
NAM,Namibia,2015,307.0,15.67459946,3.604,75.199,22.9,5.39398766,87.9499969482422,88.2699966430664,54.4896445554675
NAM,Namibia,2016,250.0,15.64213986,3.574,74.209,22.9,5.76428509,87.1740717575846,88.1304979203867,53.8248274351216
NAM,Namibia,2017,213.0,15.62707749,3.511,73.644,22.9,5.34107399,87.1740717575846,88.1304979203867,53.1864200313712
NAM,Namibia,2018,198.0,15.6132767,3.462,73.17,22.9,5.16180658,87.8342798606251,88.2832376600657,52.5767185576811
NAM,Namibia,2019,175.0,15.60039986,3.404,71.902,22.9,5.26885462,87.8342798606251,88.2832376600657,51.9980192275161
NAM,Namibia,2020,143.0,15.58151943,3.349,70.074,22.9,6.51412964,87.8342798606251,88.2832376600657,51.452618254341
NAM,Namibia,2021,254.0,15.58151943,3.303,68.37,22.9,6.51885366,87.8342798606251,88.2832376600657,50.9428118516204
NAM,Namibia,2022,127.0,15.58151943,3.248,66.897,22.9,5.80618477,87.8342798606251,88.2832376600657,50.4708962328193
NAM,Namibia,2023,139.0,15.58151943,3.212,66.034,22.9,5.54813719,87.3899993896484,87.6399993896484,50.0454162169179
NER,Niger,2000,845.0,15.697290384999999,7.829,206.236,83.8,1.12999868,9.39999961853027,14.3800001144409,83.8692321777344
NER,Niger,2001,843.0,15.665397805,7.81,206.357,83.8,1.14577425,9.39999961853027,14.3800001144409,83.7312774658203
NER,Niger,2002,835.0,15.630515429999999,7.797,203.061,83.8,1.20736778,9.39999961853027,14.3800001144409,83.7312793731689
NER,Niger,2003,813.0,15.595847745,7.789,199.992,83.8,1.07094669,9.39999961853027,14.3800001144409,83.7312774658203
NER,Niger,2004,790.0,15.567310280000001,7.777,196.046,83.8,1.18101633,9.39999961853027,14.3800001144409,83.7312774658203
NER,Niger,2005,764.0,15.552752475,7.769,198.978,83.8,1.92018211,15.079999923706,28.6700000762939,83.7312774658203
NER,Niger,2006,737.0,15.541456075,7.744,201.456,83.8,2.05841017,15.079999923706,28.6700000762939,83.7324275105372
NER,Niger,2007,704.0,15.51532823,7.726,204.311,82.9,1.50168717,15.079999923706,28.6700000762939,83.7358112962219
NER,Niger,2008,669.0,15.428180665,7.702,202.098,82.9,1.55048525,15.079999923706,28.6700000762939,83.7413293001748
NER,Niger,2009,647.0,15.32522103,7.679,200.133,82.9,1.5377779,15.079999923706,28.6700000762939,83.7488819996968
NER,Niger,2010,621.0,15.243022195,7.64,196.63,82.9,1.31193817,15.079999923706,28.6700000762939,83.7583698720884
NER,Niger,2011,585.0,15.151968395,7.592,191.96,68.8,1.27229619,15.079999923706,28.6700000762939,83.7696933946504
NER,Niger,2012,554.0,15.07199299,7.527,187.111,68.8,1.03993595,22.5499992370606,30.5599994659424,83.7858715995645
NER,Niger,2013,526.0,14.99208548,7.445,183.74,68.8,1.34044802,22.5499992370606,30.5599994659424,83.7837404303936
NER,Niger,2014,497.0,14.917530235000001,7.342,180.056,60.3,1.27712584,18.0047447249447,29.0437067944143,83.7549575388335
NER,Niger,2015,473.0,14.851265954999999,7.215,178.4,60.3,1.11163116,18.0047447249447,29.0437067944143,83.6964393412507
NER,Niger,2016,450.0,14.816075175000002,7.043,177.529,60.3,1.10086405,18.0047447249447,29.0437067944143,83.6101719456764
NER,Niger,2017,433.0,14.798222915,6.874,170.649,60.3,1.88514483,14.898813957722,29.0437067944143,83.4963012093104
NER,Niger,2018,420.0,14.777195585000001,6.706,163.784,59.0,1.76657593,22.8799991607666,33.0499992370605,83.3550988200779
NER,Niger,2019,406.0,14.745987025,6.537,157.051,59.0,2.02236509,22.8799991607666,33.0499992370605,83.186853500315
NER,Niger,2020,388.0,14.713359915,6.369,152.034,59.0,2.31365919,22.8799991607666,33.0499992370605,82.9918579996206
NER,Niger,2021,396.0,14.713359915,6.2,148.248,60.5,2.12211633,22.8799991607666,33.0499992370605,82.7704063333314
NER,Niger,2022,361.0,14.713359915,6.135,146.929,60.5,1.5349741,25.6900005340576,35.6100006103516,82.522792992488
NER,Niger,2023,350.0,14.713359915,6.061,145.324,60.5,0.97196257,25.6900005340576,35.6100006103516,82.2493126704763
NGA,Nigeria,2000,1136.0,15.697290384999999,6.124,133.779,51.1,0.58559412,43.3199996948242,54.7700004577637,56.7214948749757
NGA,Nigeria,2001,1130.0,15.665397805,6.128,133.638,51.1,0.8576929,43.3199996948242,54.7700004577637,55.8737578581461
NGA,Nigeria,2002,1117.0,15.630515429999999,6.116,133.608,51.1,0.53133184,43.3199996948242,54.7700004577637,55.0206974463107
NGA,Nigeria,2003,1090.0,15.595847745,6.1,135.632,51.1,0.92982918,43.3199996948242,54.7700004577637,54.1627919078239
NGA,Nigeria,2004,1075.0,15.567310280000001,6.09,130.462,51.1,1.202034,43.3199996948242,54.7700004577637,53.3005195110401
NGA,Nigeria,2005,1060.0,15.552752475,6.063,132.53,51.1,1.14133215,43.3199996948242,54.7700004577637,52.4343585243137
NGA,Nigeria,2006,1067.0,15.541456075,6.053,130.171,51.1,0.90186709,64.25,70.1999969482422,51.575728005539
NGA,Nigeria,2007,1063.0,15.51532823,6.027,127.22,51.1,0.7786122,64.25,70.1999969482422,50.7642012826802
NGA,Nigeria,2008,1081.0,15.428180665,6.024,127.468,51.1,0.66059941,64.25,70.1999969482422,49.9494787687649
NGA,Nigeria,2009,1088.0,15.32522103,5.993,127.793,51.1,0.57001245,64.25,70.1999969482422,49.13546515238
NGA,Nigeria,2010,1094.0,15.243022195,5.948,125.365,38.5,0.44847032,64.25,70.1999969482422,48.3221811744554
NGA,Nigeria,2011,1108.0,15.151968395,5.893,127.751,38.5,0.47937736,64.25,70.1999969482422,47.509647575921
NGA,Nigeria,2012,1124.0,15.07199299,5.797,127.604,37.4,0.54436672,64.25,70.1999969482422,46.697885097707
NGA,Nigeria,2013,1146.0,14.99208548,5.694,127.747,37.4,0.48927844,64.25,70.1999969482422,45.8869144807432
NGA,Nigeria,2014,1155.0,14.917530235000001,5.622,123.591,37.4,0.44593188,64.25,70.1999969482422,45.0767564659596
NGA,Nigeria,2015,1168.0,14.851265954999999,5.503,114.881,35.8,0.58907843,64.25,70.1999969482422,44.2674317942862
NGA,Nigeria,2016,1155.0,14.816075175000002,5.343,106.944,35.8,0.47496933,49.060001373291,58.2200012207031,43.458961206653
NGA,Nigeria,2017,1142.0,14.798222915,5.182,100.798,35.8,0.53266305,49.060001373291,58.2200012207031,42.6513654439899
NGA,Nigeria,2018,1118.0,14.777195585000001,5.021,96.601,34.2,0.49754828,49.060001373291,58.2200012207031,41.8446652472271
NGA,Nigeria,2019,1091.0,14.745987025,4.861,92.622,34.2,0.46980387,49.060001373291,58.2200012207031,41.0388813572944
NGA,Nigeria,2020,1065.0,14.713359915,4.7,89.081,34.2,0.50597858,49.060001373291,58.2200012207031,40.2340345151219
NGA,Nigeria,2021,1046.0,14.713359915,4.636,88.457,34.2,0.54102808,53.25,63.1599998474121,39.4301454616396
NGA,Nigeria,2022,1016.0,14.713359915,4.552,87.26,41.8,0.61952227,53.25,63.1599998474121,38.6272349377775
NGA,Nigeria,2023,993.0,14.713359915,4.482,86.432,41.8,0.60093319,53.25,63.1599998474121,37.8253236844657
RWA,Rwanda,2000,885.0,9.081314931,5.967,47.24,82.3,0.64626944,59.75,64.8899993896484,84.2195525354004
RWA,Rwanda,2001,769.0,9.035622752,5.893,45.656,82.3,0.698044,59.75,64.8899993896484,83.4512600331845
RWA,Rwanda,2002,677.0,8.990941689,5.816,42.566,82.3,0.75793403,59.75,64.8899993896484,83.1221152883248
RWA,Rwanda,2003,551.0,8.960598598,5.737,41.423,82.3,2.30380893,59.75,64.8899993896484,83.1052567687631
RWA,Rwanda,2004,460.0,8.940331933,5.64,41.01,82.3,1.92855704,59.75,64.8899993896484,83.0979900463208
RWA,Rwanda,2005,465.0,8.935637167,5.5,40.283,74.2,1.61428237,59.75,64.8899993896484,83.0927885540546
RWA,Rwanda,2006,494.0,8.952379887,5.335,39.131,74.2,1.48205781,59.75,64.8899993896484,83.0889860754953
RWA,Rwanda,2007,494.0,8.991261109,5.141,39.236,74.2,1.74627984,59.75,64.8899993896484,83.0859163941734
RWA,Rwanda,2008,454.0,9.045876896,4.922,40.587,74.2,1.81383979,59.75,64.8899993896484,83.0829132936196
RWA,Rwanda,2009,418.0,9.115219851,4.707,41.077,74.2,1.88107121,59.75,64.8899993896484,83.0793105573645
RWA,Rwanda,2010,393.0,9.18918941,4.522,42.084,70.2,2.03921556,59.75,64.8899993896484,83.0744419689386
RWA,Rwanda,2011,358.0,9.252822585,4.332,41.601,70.2,2.19739747,59.75,64.8899993896484,83.0676413118727
RWA,Rwanda,2012,331.0,9.295094399,4.201,40.658,70.2,2.05491209,64.6600036621094,68.3300018310547,83.0589751117852
RWA,Rwanda,2013,317.0,9.325018835,4.136,40.826,65.2,2.17188406,64.6600036621094,68.3300018310547,82.9257793946388
RWA,Rwanda,2014,301.0,9.345300782,4.117,39.77,65.2,2.19319296,66.1399993896484,70.8000030517578,82.4979283460244
RWA,Rwanda,2015,292.0,9.355109026,4.108,38.552,65.2,2.10472178,66.1399993896484,70.8000030517578,81.8046850141584
RWA,Rwanda,2016,278.0,9.361540859,4.106,36.55,63.8,1.5660044,66.1399993896484,70.8000030517578,80.8786048213452
RWA,Rwanda,2017,275.0,9.368543435,4.084,34.251,63.8,1.56328964,66.1399993896484,70.8000030517578,79.7522431898889
RWA,Rwanda,2018,269.0,9.374252375,4.047,32.495,63.8,1.64325416,69.3899993896484,73.2200012207031,78.4581555420936
RWA,Rwanda,2019,261.0,9.385071661,3.985,32.019,63.8,1.76991165,69.3899993896484,73.2200012207031,77.0288973002638
RWA,Rwanda,2020,252.0,9.398525709,3.913,31.514,63.8,2.13853812,77.8099975585938,80.0500030517578,75.4970238867034
RWA,Rwanda,2021,254.0,9.398525709,3.841,31.158,63.8,2.63611889,77.8099975585938,80.0500030517578,73.8950907237167
RWA,Rwanda,2022,234.0,9.398525709,3.778,31.057,63.8,2.43239522,76.6999969482422,78.7600021362305,72.2193297262239
RWA,Rwanda,2023,229.0,9.398525709,3.698,30.779,38.6,2.41123104,76.6999969482422,78.7600021362305,71.1444689354523
SDN,Sudan,2000,645.0,15.697290384999999,5.596,106.286,13.1,1.21998167,52.1500015258789,61.3499984741211,67.6564119537185
SDN,Sudan,2001,616.0,15.665397805,5.562,106.954,13.1,1.1215229,52.1500015258789,61.3499984741211,67.6239584681696
SDN,Sudan,2002,588.0,15.630515429999999,5.531,106.395,13.1,1.128654,52.1500015258789,61.3499984741211,67.5961179753168
SDN,Sudan,2003,593.0,15.595847745,5.489,104.913,13.1,1.26332223,52.1500015258789,61.3499984741211,67.5728315258252
SDN,Sudan,2004,536.0,15.567310280000001,5.455,103.189,13.1,1.57302713,52.1500015258789,61.3499984741211,67.5540401703597
SDN,Sudan,2005,506.0,15.552752475,5.397,99.948,13.1,1.59963596,52.1500015258789,61.3499984741211,67.5396849595854
SDN,Sudan,2006,485.0,15.541456075,5.332,95.978,13.1,1.77735722,52.1500015258789,61.3499984741211,67.5297069441673
SDN,Sudan,2007,445.0,15.51532823,5.27,96.1,13.1,2.0494504,52.1500015258789,61.3499984741211,67.5240471747704
SDN,Sudan,2008,426.0,15.428180665,5.212,91.805,13.1,1.73194993,46.7000007629395,53.5200004577637,67.5183769250254
SDN,Sudan,2009,382.0,15.32522103,5.173,89.82,13.1,2.6293633,46.7000007629395,53.5200004577637,67.4225377027157
SDN,Sudan,2010,370.0,15.243022195,5.141,88.897,13.1,1.64626622,46.7000007629395,53.5200004577637,67.2825973408487
SDN,Sudan,2011,357.0,15.151968395,5.087,86.511,13.1,1.28281784,46.7000007629395,53.5200004577637,67.0940239858014
SDN,Sudan,2012,340.0,15.07199299,5.031,83.643,13.1,1.49337018,46.7000007629395,53.5200004577637,66.8574438385099
SDN,Sudan,2013,327.0,14.99208548,4.965,81.609,13.1,1.15195048,46.7000007629395,53.5200004577637,66.5735222041897
SDN,Sudan,2014,309.0,14.917530235000001,4.912,80.055,10.1,1.43453598,46.7000007629395,53.5200004577637,66.2375417591883
SDN,Sudan,2015,298.0,14.851265954999999,4.898,79.665,10.1,0.82485694,46.7000007629395,53.5200004577637,65.9085605371403
SDN,Sudan,2016,288.0,14.816075175000002,4.829,77.501,10.1,1.28979421,46.7000007629395,53.5200004577637,65.8118041158787
SDN,Sudan,2017,277.0,14.798222915,4.761,75.89,10.1,1.06663251,46.7000007629395,53.5200004577637,65.7127774336491
SDN,Sudan,2018,268.0,14.777195585000001,4.681,73.951,10.1,1.03874981,46.7000007629395,53.5200004577637,65.617945777995
SDN,Sudan,2019,262.0,14.745987025,4.617,72.653,10.1,1.03735721,46.7000007629395,53.5200004577637,65.5272314175764
SDN,Sudan,2020,273.0,14.713359915,4.542,71.151,10.1,1.04006422,46.7000007629395,53.5200004577637,65.4405566210754
SDN,Sudan,2021,305.0,14.713359915,4.457,69.14,10.1,0.77320933,46.7000007629395,53.5200004577637,65.3578436572006
SDN,Sudan,2022,263.0,14.713359915,4.384,67.339,10.1,0.82583225,46.7000007629395,53.5200004577637,65.2790147946914
SDN,Sudan,2023,256.0,14.713359915,4.323,66.071,10.1,0.59154689,46.7000007629395,53.5200004577637,65.2039923023236
SEN,Senegal,2000,581.0,22.12214006,5.498,94.241,63.9,1.25274444,29.25,39.2799987792969,59.3332444468033
SEN,Senegal,2001,560.0,21.85659212,5.397,91.09,63.9,1.415766,29.25,39.2799987792969,59.1236579836874
SEN,Senegal,2002,531.0,21.58536196,5.301,89.628,63.9,1.33993769,29.25,39.2799987792969,58.8918528438708
SEN,Senegal,2003,520.0,21.30221861,5.246,91.881,63.9,1.54446924,29.25,39.2799987792969,58.64106065145
SEN,Senegal,2004,501.0,21.01540268,5.192,88.895,63.9,1.62704813,29.25,39.2799987792969,58.3751806104105
SEN,Senegal,2005,488.0,20.72399486,5.133,87.546,53.6,1.59510648,29.25,39.2799987792969,58.0942400304162
SEN,Senegal,2006,462.0,20.44736067,5.064,88.749,53.6,1.7594533,32.9900016784668,41.8899993896484,57.7953586956931
SEN,Senegal,2007,457.0,20.18190346,5.018,86.877,53.6,1.31880546,32.9900016784668,41.8899993896484,57.475656390467
SEN,Senegal,2008,463.0,19.93457473,5.024,85.882,53.6,1.3871423,32.9900016784668,41.8899993896484,57.132252898964
SEN,Senegal,2009,441.0,19.70010248,5.025,83.997,53.6,1.40655613,37.4199981689453,48.0400009155273,56.76226800541
SEN,Senegal,2010,436.0,19.4865014,5.055,81.071,53.6,1.16160142,37.4199981689453,48.0400009155273,56.3628214940308
SEN,Senegal,2011,415.0,19.28586426,5.099,80.94,53.3,1.30861914,40.25,51.810001373291,55.9310331490525
SEN,Senegal,2012,405.0,19.09619716,5.129,81.588,53.3,1.21922708,40.25,51.810001373291,55.4640227547011
SEN,Senegal,2013,385.0,18.89800429,5.049,78.346,53.3,1.17077053,33.7599983215332,43.5299987792969,54.9601249460544
SEN,Senegal,2014,373.0,18.68843451,4.884,75.011,53.3,1.080037,33.7599983215332,43.5299987792969,54.3979094658412
SEN,Senegal,2015,357.0,18.47101705,4.751,73.585,53.3,1.07820702,35.1699981689453,43.5900001525879,53.7252330370142
SEN,Senegal,2016,345.0,18.24002476,4.648,71.989,53.3,1.06801915,37.6699981689453,46.0999984741211,52.9446420090071
SEN,Senegal,2017,325.0,17.98718309,4.489,69.121,53.3,1.01061249,39.7999992370605,51.9000015258789,52.0661650360947
SEN,Senegal,2018,305.0,17.73607427,4.294,66.954,19.1,1.11893904,40.5800018310547,46.6100006103516,51.0998307725515
SEN,Senegal,2019,286.0,17.48795942,4.1,64.558,19.1,1.05768847,38.5200004577637,46.8300018310547,50.0556678726523
SEN,Senegal,2020,252.0,17.24938655,4.003,63.118,19.1,1.72161877,38.5200004577637,46.8300018310547,48.9437049906718
SEN,Senegal,2021,263.0,17.24938655,3.936,62.176,17.9,1.20091772,38.5200004577637,46.8300018310547,47.7739707808845
SEN,Senegal,2022,228.0,17.24938655,3.864,61.034,17.9,1.08714914,38.5200004577637,46.8300018310547,46.5564938975652
SEN,Senegal,2023,237.0,17.24938655,3.818,60.242,17.9,1.1920532,41.5,50.3600006103516,45.3007723809206
SLE,Sierra Leone,2000,1603.0,13.94291289,6.355,160.004,72.4,0.56016588,24.1599998474121,34.8300018310547,64.4672132758025
SLE,Sierra Leone,2001,1518.0,13.69862721,6.305,157.394,72.4,0.65394258,24.1599998474121,34.8300018310547,64.236348704499
SLE,Sierra Leone,2002,1492.0,13.43591071,6.23,157.141,72.4,0.68559587,24.1599998474121,34.8300018310547,63.9917208503384
SLE,Sierra Leone,2003,1433.0,13.18734017,6.087,155.972,72.4,0.63837194,24.1599998474121,34.8300018310547,63.7309488402947
SLE,Sierra Leone,2004,1366.0,12.94982578,5.919,146.756,72.4,0.60742605,24.1599998474121,34.8300018310547,63.4508716185245
SLE,Sierra Leone,2005,1294.0,12.72146982,5.807,146.872,72.4,0.59220541,24.1599998474121,34.8300018310547,63.1514480327561
SLE,Sierra Leone,2006,1168.0,12.49892854,5.737,146.957,72.4,0.54349309,24.1599998474121,34.8300018310547,62.8296194656353
SLE,Sierra Leone,2007,1132.0,12.28067251,5.643,141.807,72.4,0.4417356,24.1599998474121,34.8300018310547,62.4877140579474
SLE,Sierra Leone,2008,1093.0,12.08584619,5.563,138.695,72.4,0.45621169,24.1599998474121,34.8300018310547,62.1274048411582
SLE,Sierra Leone,2009,1054.0,11.90369318,5.448,135.701,72.4,0.63343221,24.1599998474121,34.8300018310547,61.7503648467334
SLE,Sierra Leone,2010,1018.0,11.72837087,5.327,130.394,72.4,0.81356823,24.1599998474121,34.8300018310547,61.3582671061387
SLE,Sierra Leone,2011,967.0,11.54420266,5.209,129.865,53.7,0.70601135,24.1599998474121,34.8300018310547,60.9527846508398
SLE,Sierra Leone,2012,915.0,11.36359924,5.064,128.81,53.7,0.6394307,24.1599998474121,34.8300018310547,60.5355905123025
SLE,Sierra Leone,2013,842.0,11.21181459,4.873,125.276,53.7,0.58837235,24.1599998474121,34.8300018310547,60.1083577219925
SLE,Sierra Leone,2014,821.0,11.09172065,4.703,122.262,53.7,1.02695739,34.8295548099331,44.3698913332904,59.6727593113755
SLE,Sierra Leone,2015,730.0,11.00729654,4.548,116.299,53.7,0.81068116,40.4199981689453,49.4000015258789,59.2330434812901
SLE,Sierra Leone,2016,633.0,10.91303428,4.466,111.154,53.7,0.66393304,40.4199981689453,49.4000015258789,58.770588461229
SLE,Sierra Leone,2017,578.0,10.79180421,4.389,107.017,53.7,0.54366273,36.2400016784668,44.8300018310547,58.2893317894942
SLE,Sierra Leone,2018,491.0,10.65458485,4.294,104.136,41.5,0.49137551,40.5963246321925,48.8143667728528,57.7988974732197
SLE,Sierra Leone,2019,464.0,10.49709091,4.192,102.178,41.5,0.77659142,33.939998626709,43.5800018310547,57.2981555085559
SLE,Sierra Leone,2020,422.0,10.3436843,4.08,100.177,41.5,0.82859242,33.939998626709,43.5800018310547,56.7870340876454
SLE,Sierra Leone,2021,403.0,10.3436843,3.978,98.06,41.5,1.14799988,33.939998626709,43.5800018310547,56.2654614026301
SLE,Sierra Leone,2022,370.0,10.3436843,3.876,95.743,41.5,0.8699919,33.939998626709,43.5800018310547,55.7333656456513
SLE,Sierra Leone,2023,354.0,10.3436843,3.791,93.592,41.5,0.78892416,33.939998626709,43.5800018310547,55.190675008849
SSD,South Sudan,2000,1658.0,15.697290384999999,6.803,148.309,44.9,1.86679733,19.1900005340576,26.8299999237061,83.9571459882683
SSD,South Sudan,2001,1580.0,15.665397805,6.654,146.597,44.9,1.86679733,19.1900005340576,26.8299999237061,83.7440381328456
SSD,South Sudan,2002,1521.0,15.630515429999999,6.515,145.586,44.9,1.86679733,19.1900005340576,26.8299999237061,83.552354588206
SSD,South Sudan,2003,1199.0,15.595847745,6.353,139.13,44.9,1.86679733,19.1900005340576,26.8299999237061,83.3845527692623
SSD,South Sudan,2004,1150.0,15.567310280000001,6.19,131.694,44.9,1.86679733,19.1900005340576,26.8299999237061,83.2430900909275
SSD,South Sudan,2005,1074.0,15.552752475,6.022,123.642,44.9,1.86679733,19.1900005340576,26.8299999237061,83.1304239681143
SSD,South Sudan,2006,1005.0,15.541456075,5.853,116.261,44.9,1.86679733,19.1900005340576,26.8299999237061,83.0490118157357
SSD,South Sudan,2007,933.0,15.51532823,5.704,114.97,44.9,1.86679733,19.1900005340576,26.8299999237061,83.0013110487046
SSD,South Sudan,2008,858.0,15.428180665,5.569,116.802,44.9,1.86679733,19.1900005340576,26.8299999237061,82.9698858806045
SSD,South Sudan,2009,823.0,15.32522103,5.446,116.43,44.9,1.86679733,19.1900005340576,26.8299999237061,82.7062715360683
SSD,South Sudan,2010,776.0,15.243022195,5.318,115.108,44.9,1.86679733,19.1900005340576,26.8299999237061,82.464379800424
SSD,South Sudan,2011,770.0,15.151968395,5.193,114.056,44.9,1.86679733,19.1900005340576,26.8299999237061,82.2182321893211
SSD,South Sudan,2012,755.0,15.07199299,5.061,113.041,44.9,1.86679733,19.1900005340576,26.8299999237061,81.9678114552336
SSD,South Sudan,2013,771.0,14.99208548,4.939,111.825,44.9,1.86679733,19.1900005340576,26.8299999237061,81.7131003506367
SSD,South Sudan,2014,1216.0,14.917530235000001,4.818,110.093,44.9,1.86679733,19.1900005340576,26.8299999237061,81.4540816280071
SSD,South Sudan,2015,1436.0,14.851265954999999,4.695,106.804,44.9,1.86679733,19.1900005340576,26.8299999237061,81.1907380398227
SSD,South Sudan,2016,1629.0,14.816075175000002,4.579,104.704,76.5,1.86679733,19.1900005340576,26.8299999237061,80.9230523385623
SSD,South Sudan,2017,1662.0,14.798222915,4.483,102.781,76.5,1.86679733,19.1900005340576,26.8299999237061,80.6510072767056
SSD,South Sudan,2018,913.0,14.777195585000001,4.37,101.209,76.5,1.18756998,19.1900005340576,26.8299999237061,80.3745856067337
SSD,South Sudan,2019,745.0,14.745987025,4.26,101.054,76.5,0.99254191,19.1900005340576,26.8299999237061,80.0937700811281
SSD,South Sudan,2020,729.0,14.713359915,4.16,100.555,76.5,0.70622033,19.1900005340576,26.8299999237061,79.8085434523714
SSD,South Sudan,2021,749.0,14.713359915,4.047,99.485,76.5,0.92913347,19.1900005340576,26.8299999237061,79.5188884729468
SSD,South Sudan,2022,704.0,14.713359915,3.964,98.551,76.5,0.62561053,19.1900005340576,26.8299999237061,79.2247878953384
SSD,South Sudan,2023,692.0,14.713359915,3.864,97.132,76.5,0.50114346,19.1900005340576,26.8299999237061,78.9262244720308
STP,Sao Tome and Principe,2000,180.0,10.09362875,5.157,133.348,17.3,3.51259375,77.9499969482422,84.9100036621094,47.0336562947892
STP,Sao Tome and Principe,2001,178.0,10.13950613,5.097,135.564,17.3,3.70773029,77.9499969482422,84.9100036621094,46.0387960079224
STP,Sao Tome and Principe,2002,179.0,10.18631383,5.062,136.144,17.3,3.77630806,77.9499969482422,84.9100036621094,44.9117289002897
STP,Sao Tome and Principe,2003,178.0,10.22929184,5.013,133.592,17.3,6.05494833,77.9499969482422,84.9100036621094,43.5871529131903
STP,Sao Tome and Principe,2004,177.0,10.27658466,4.962,129.688,17.3,5.18779802,77.9499969482422,84.9100036621094,42.1225154532542
STP,Sao Tome and Principe,2005,181.0,10.32385525,4.939,125.954,17.3,5.03137016,77.9499969482422,84.9100036621094,40.5811983091083
STP,Sao Tome and Principe,2006,177.0,10.3727569,4.933,123.147,17.3,0.54927838,77.9499969482422,84.9100036621094,39.0265832693794
STP,Sao Tome and Principe,2007,174.0,10.4256763,4.957,123.775,17.3,1.6642518,77.9499969482422,84.9100036621094,37.5220521226944
STP,Sao Tome and Principe,2008,174.0,10.47385828,4.906,125.332,17.3,1.22298861,77.9499969482422,84.9100036621094,36.1309866576801
STP,Sao Tome and Principe,2009,172.0,10.51688996,4.838,126.434,17.3,1.5904156,77.9499969482422,84.9100036621094,34.9167686629633
STP,Sao Tome and Principe,2010,170.0,10.56188777,4.769,125.905,18.9,2.11927414,77.9499969482422,84.9100036621094,33.9427799271709
STP,Sao Tome and Principe,2011,164.0,10.60327022,4.718,121.66,18.9,2.29882646,77.9499969482422,84.9100036621094,33.2724022389298
STP,Sao Tome and Principe,2012,158.0,10.64964141,4.664,117.495,18.9,2.30571485,85.4400024414062,90.1399993896484,32.9664110551868
STP,Sao Tome and Principe,2013,150.0,10.69974921,4.584,109.97,18.9,2.99635077,85.4400024414062,90.1399993896484,32.8693313598633
STP,Sao Tome and Principe,2014,138.0,10.75200548,4.485,105.161,18.9,2.79643965,85.4400024414062,90.1399993896484,32.7393264770508
STP,Sao Tome and Principe,2015,128.0,10.81021614,4.354,101.935,18.9,2.0531044,85.4400024414062,90.1399993896484,32.6084289550781
STP,Sao Tome and Principe,2016,119.0,10.866621,4.203,97.439,18.9,3.06470799,85.4400024414062,90.1399993896484,32.4781112670898
STP,Sao Tome and Principe,2017,110.0,10.92367851,4.069,93.609,13.0,3.43653798,85.4400024414062,90.1399993896484,32.3479995727539
STP,Sao Tome and Principe,2018,100.0,10.98288224,3.977,91.095,13.0,2.62429023,85.4400024414062,90.1399993896484,32.2171173095703
STP,Sao Tome and Principe,2019,95.0,11.0481055,3.9,89.959,13.0,2.23238039,82.75,87.4400024414062,32.0870056152344
STP,Sao Tome and Principe,2020,92.0,11.11475279,3.827,88.99,13.0,2.96807909,82.75,87.4400024414062,31.9563293457031
STP,Sao Tome and Principe,2021,98.0,11.11475279,3.759,87.903,13.0,3.36913323,82.75,87.4400024414062,31.8261032104492
STP,Sao Tome and Principe,2022,82.0,11.11475279,3.695,86.779,13.0,2.31201935,82.75,87.4400024414062,31.6279080201659
STP,Sao Tome and Principe,2023,75.0,11.11475279,3.644,86.195,13.0,2.13394833,82.75,87.4400024414062,31.3956078896432
SWZ,Eswatini,2000,361.0,11.06879497,4.03,109.963,65.0,2.41081047,80.3300018310547,81.6600036621094,77.1590669238003
SWZ,Eswatini,2001,307.0,11.03757196,3.944,108.057,65.0,2.38431859,80.3300018310547,81.6600036621094,77.2904380863541
SWZ,Eswatini,2002,331.0,10.99586162,3.854,105.585,65.0,2.4225831,80.3300018310547,81.6600036621094,77.4309115696962
SWZ,Eswatini,2003,392.0,10.94439883,3.796,103.818,65.0,2.91704059,80.3300018310547,81.6600036621094,77.5687683031881
SWZ,Eswatini,2004,451.0,10.87985538,3.76,102.218,65.0,3.02394485,80.3300018310547,81.6600036621094,77.6922892161911
SWZ,Eswatini,2005,529.0,10.81658822,3.704,99.668,65.0,3.64060426,80.3300018310547,81.6600036621094,77.7897552380664
SWZ,Eswatini,2006,511.0,10.76586601,3.632,95.172,65.0,3.45948696,80.3300018310547,81.6600036621094,77.8494472981755
SWZ,Eswatini,2007,647.0,10.73124121,3.58,92.568,65.0,3.7541039,80.3300018310547,81.6600036621094,77.860010032492
SWZ,Eswatini,2008,766.0,10.70858713,3.567,90.375,65.0,4.45391893,80.3300018310547,81.6600036621094,77.8307991170144
SWZ,Eswatini,2009,855.0,10.69762795,3.504,87.423,58.2,4.46149063,80.3300018310547,81.6600036621094,77.7656134375206
SWZ,Eswatini,2010,752.0,10.67630572,3.375,83.886,58.2,4.22809029,80.3300018310547,81.6600036621094,77.6669207932529
SWZ,Eswatini,2011,765.0,10.6433658,3.317,82.242,58.2,3.61155891,80.3300018310547,81.6600036621094,77.5365246334607
SWZ,Eswatini,2012,613.0,10.59835671,3.266,80.782,58.2,3.41336322,80.3300018310547,81.6600036621094,77.3762284073935
SWZ,Eswatini,2013,491.0,10.54971115,3.237,80.833,58.2,3.32492328,80.3300018310547,81.6600036621094,77.1878355643008
SWZ,Eswatini,2014,369.0,10.50118013,3.181,79.133,58.2,2.73972297,80.3300018310547,81.6600036621094,76.973149553432
SWZ,Eswatini,2015,283.0,10.45249419,3.122,77.016,58.2,2.94745016,80.3300018310547,81.6600036621094,76.7339738240368
SWZ,Eswatini,2016,213.0,10.40465022,3.068,75.392,44.5,2.84598303,80.3300018310547,81.6600036621094,76.4721118253644
SWZ,Eswatini,2017,151.0,10.35680656,3.018,74.547,44.5,3.54254961,80.3300018310547,81.6600036621094,76.1947995036839
SWZ,Eswatini,2018,133.0,10.3039581,2.971,74.104,44.5,3.39840841,80.3300018310547,81.6600036621094,75.9420704595773
SWZ,Eswatini,2019,96.0,10.25599641,2.925,73.228,44.5,4.40824461,80.3300018310547,81.6600036621094,75.6540450482249
SWZ,Eswatini,2020,102.0,10.20161162,2.888,72.075,44.5,3.53693056,80.3300018310547,81.6600036621094,75.3347201077808
SWZ,Eswatini,2021,219.0,10.20161162,2.841,70.741,44.5,3.65004921,80.3300018310547,81.6600036621094,74.9843819474827
SWZ,Eswatini,2022,112.0,10.20161162,2.801,69.773,44.5,3.24393272,90.4100036621094,90.75,74.603317081458
SWZ,Eswatini,2023,118.0,10.20161162,2.753,68.726,44.5,3.20377994,90.4100036621094,90.75,74.1918121499245
SYC,Seychelles,2000,45.0,12.03522408,2.08,57.01,0.6,3.78593802,92.2600021362305,91.8399963378906,56.6025769289962
SYC,Seychelles,2001,43.0,12.10707524,1.98,55.342,0.6,3.75857329,92.2600021362305,91.8399963378906,56.7827014144315
SYC,Seychelles,2002,45.0,12.18003205,2.04,56.351,0.6,3.63683939,92.2600021362305,91.8399963378906,56.9051535478073
SYC,Seychelles,2003,47.0,12.22453714,2.06,57.138,0.6,4.14589357,92.2600021362305,91.8399963378906,56.9950671351838
SYC,Seychelles,2004,52.0,12.24036073,2.01,55.9,0.6,3.81282496,92.2600021362305,91.8399963378906,57.0762243107973
SYC,Seychelles,2005,50.0,12.23764435,2.2,59.648,0.6,3.62017798,92.2600021362305,91.8399963378906,57.1489650924893
SYC,Seychelles,2006,51.0,12.23058221,2.11,56.759,0.6,3.44340944,92.2600021362305,91.8399963378906,57.2119568602973
SYC,Seychelles,2007,52.0,12.23284509,2.24,61.464,0.6,3.04300809,92.2600021362305,91.8399963378906,57.2638669942587
SYC,Seychelles,2008,51.0,12.24769898,2.33,64.365,0.6,2.40282655,92.2600021362305,91.8399963378906,57.303362874411
SYC,Seychelles,2009,51.0,12.2695689,2.38,67.661,0.6,2.3870523,92.2600021362305,91.8399963378906,57.3291118807915
SYC,Seychelles,2010,50.0,12.29540854,2.13,61.848,0.6,3.1060183,94.4499969482422,93.9499969482422,57.339692755417
SYC,Seychelles,2011,50.0,12.32159196,2.3,66.949,0.6,3.01365519,94.4499969482422,93.9499969482422,57.3260155139134
SYC,Seychelles,2012,49.0,12.34308056,2.32,66.795,0.6,4.02018118,94.4499969482422,93.9499969482422,57.2738241536831
SYC,Seychelles,2013,48.0,12.35868177,2.21,59.16,1.6,3.20524502,94.4499969482422,93.9499969482422,57.184930365819
SYC,Seychelles,2014,46.0,12.37451774,2.19,56.88,1.6,3.18385339,94.4499969482422,93.9499969482422,57.0613743813658
SYC,Seychelles,2015,46.0,12.38159518,2.26,57.655,1.6,3.1209166,94.4499969482422,93.9499969482422,56.905196431368
SYC,Seychelles,2016,47.0,12.39358348,2.33,59.829,1.6,3.25931096,94.4499969482422,93.9499969482422,56.7184367468704
SYC,Seychelles,2017,47.0,12.40619168,2.34,59.744,1.6,3.2699151,94.4499969482422,93.9499969482422,56.5031355589176
SYC,Seychelles,2018,49.0,12.42694239,2.34,59.267,0.7,3.1646049,94.4499969482422,93.9499969482422,56.2613330985541
SYC,Seychelles,2019,48.0,12.4511091,2.31,58.615,0.7,3.04219794,94.4499969482422,93.9499969482422,55.9950695968246
SYC,Seychelles,2020,51.0,12.4838294,2.2,57.331,0.7,4.47688675,94.4499969482422,93.9499969482422,55.7063852847737
SYC,Seychelles,2021,74.0,12.4838294,2.38,56.384,0.7,3.72146273,94.4499969482422,93.9499969482422,55.3973203934461
SYC,Seychelles,2022,89.0,12.4838294,2.2,55.385,0.7,2.99964738,94.4499969482422,93.9499969482422,55.0891790018843
SYC,Seychelles,2023,42.0,12.4838294,2.18,54.516,0.7,3.1497128,94.4499969482422,93.9499969482422,54.9028918678342
TCD,Chad,2000,1208.0,15.697290384999999,7.249,193.527,66.7,1.59994829,12.8000001907349,25.6499996185303,78.3472309239516
TCD,Chad,2001,1204.0,15.665397805,7.231,195.801,66.7,1.42270386,12.8000001907349,25.6499996185303,78.3219017404812
TCD,Chad,2002,1199.0,15.630515429999999,7.201,186.515,66.7,1.61589229,12.8000001907349,25.6499996185303,78.2992237968485
TCD,Chad,2003,1170.0,15.595847745,7.179,187.155,66.7,1.33923662,12.8000001907349,25.6499996185303,78.2792968827761
TCD,Chad,2004,1167.0,15.567310280000001,7.16,189.976,66.7,1.47851741,17.9799995422363,28.3799991607666,78.2622207879866
TCD,Chad,2005,1189.0,15.552752475,7.134,185.056,66.7,1.10235167,17.9799995422363,28.3799991607666,78.2480953022027
TCD,Chad,2006,1220.0,15.541456075,7.118,181.109,66.7,0.76379508,17.9799995422363,28.3799991607666,78.2370202151471
TCD,Chad,2007,1240.0,15.51532823,7.092,180.134,66.7,0.81764281,17.9799995422363,28.3799991607666,78.2290953165424
TCD,Chad,2008,1264.0,15.428180665,7.063,180.439,66.7,0.61977834,17.9799995422363,28.3799991607666,78.2244203961113
TCD,Chad,2009,1285.0,15.32522103,7.021,181.077,66.7,0.70113808,17.9799995422363,28.3799991607666,78.2215603431245
TCD,Chad,2010,1284.0,15.243022195,6.99,184.306,66.7,0.64793539,17.9799995422363,28.3799991607666,78.1527621808905
TCD,Chad,2011,1264.0,15.151968395,6.948,181.825,45.2,0.60246891,17.9799995422363,28.3799991607666,78.0441263202362
TCD,Chad,2012,1245.0,15.07199299,6.905,178.964,45.2,0.65627456,17.9799995422363,28.3799991607666,77.8938095851822
TCD,Chad,2013,1216.0,14.99208548,6.839,172.65,45.2,0.83544219,17.9799995422363,28.3799991607666,77.7024070147609
TCD,Chad,2014,1198.0,14.917530235000001,6.781,167.339,45.2,0.94091558,17.9799995422363,28.3799991607666,77.4705486513991
TCD,Chad,2015,1176.0,14.851265954999999,6.706,162.09,45.2,0.72352397,17.9799995422363,28.3799991607666,77.1988741171026
TCD,Chad,2016,1133.0,14.816075175000002,6.623,155.838,45.2,0.64428413,13.960000038147,22.3099994659424,76.8880265292821
TCD,Chad,2017,1085.0,14.798222915,6.537,149.618,45.2,0.52580875,13.960000038147,22.3099994659424,76.538650528895
TCD,Chad,2018,1020.0,14.777195585000001,6.464,145.22,41.9,0.46814004,13.960000038147,22.3099994659424,76.1513915075025
TCD,Chad,2019,958.0,14.745987025,6.412,143.291,41.9,0.51349735,18.6399993896484,30.6299991607666,75.7268952613367
TCD,Chad,2020,877.0,14.713359915,6.346,140.715,41.9,0.55167967,18.6399993896484,30.6299991607666,75.2658078204584
TCD,Chad,2021,869.0,14.713359915,6.255,137.946,41.9,0.73647583,18.6399993896484,30.6299991607666,74.7687753576925
TCD,Chad,2022,775.0,14.713359915,6.215,136.697,39.5,0.92589098,18.6399993896484,30.6299991607666,74.2364441370306
TCD,Chad,2023,748.0,14.713359915,6.12,134.738,39.5,1.26169586,18.6399993896484,30.6299991607666,73.6694604828954
TGO,Togo,2000,496.0,15.75604345,5.1652,96.3,67.6,0.29096901,38.4500007629395,53.1800003051758,66.9005155936691
TGO,Togo,2001,478.0,15.73126844,5.12801,96.414,67.6,0.32503283,38.4500007629395,53.1800003051758,66.4496364083487
TGO,Togo,2002,447.0,15.69486107,5.09187,94.266,67.6,0.34117612,38.4500007629395,53.1800003051758,65.9988629561693
TGO,Togo,2003,431.0,15.66054821,5.047961,92.15,67.6,0.37685171,38.4500007629395,53.1800003051758,65.5486010342304
TGO,Togo,2004,431.0,15.64040432,4.994707,88.103,67.6,0.44411397,38.4500007629395,53.1800003051758,65.0992564396312
TGO,Togo,2005,434.0,15.63128735,5.037823,84.908,67.6,0.50362611,38.4500007629395,53.1800003051758,64.6512349694709
TGO,Togo,2006,453.0,15.61294138,5.076201,86.185,67.6,0.56445849,44.3800010681152,56.8899993896484,64.204942420849
TGO,Togo,2007,448.0,15.58211867,5.102,85.833,67.6,0.59498978,44.3800010681152,56.8899993896484,63.7607845908647
TGO,Togo,2008,457.0,15.50887151,5.100197,84.436,67.6,0.60018307,44.3800010681152,56.8899993896484,63.3191672766173
TGO,Togo,2009,471.0,15.41247509,5.104276,83.191,67.6,0.68256968,43.6100006103516,57.0900001525879,62.8804962752061
TGO,Togo,2010,497.0,15.29974144,5.087324,86.915,67.6,1.12349021,45.3800010681152,57.2000007629395,62.4454117024362
TGO,Togo,2011,501.0,15.17220148,4.984234,84.492,65.5,1.03214419,47.9799995422363,60.4099998474121,62.0127694351268
TGO,Togo,2012,506.0,15.05871235,4.853789,84.691,65.5,1.16667867,47.9799995422363,60.4099998474121,61.5805640401796
TGO,Togo,2013,500.0,14.94786357,4.753612,85.505,65.5,0.96069103,47.9799995422363,60.4099998474121,61.1483232115897
TGO,Togo,2014,490.0,14.83767773,4.701602,84.943,65.5,0.99828738,47.9799995422363,60.4099998474121,60.7160493541632
TGO,Togo,2015,470.0,14.73069746,4.661566,84.562,61.7,0.92438984,51.2400016784668,63.75,60.2837448727066
TGO,Togo,2016,460.0,14.62924956,4.633942,84.125,61.7,0.97535449,51.2400016784668,63.75,59.8514121720261
TGO,Togo,2017,443.0,14.535055,4.576231,83.278,61.7,1.04958856,49.5452787346616,60.9537021917226,59.4190536569281
TGO,Togo,2018,435.0,14.44261735,4.513072,82.42,35.3,1.03169048,49.5452787346616,60.9537021917226,58.986671732219
TGO,Togo,2019,416.0,14.36008657,4.450408,81.607,35.3,0.89146012,55.0499992370605,66.5400009155273,58.554268802705
TGO,Togo,2020,398.0,14.28142408,4.386312,80.816,35.3,0.91246384,55.0499992370605,66.5400009155273,58.1218472731925
TGO,Togo,2021,397.0,14.28142408,4.323871,79.696,34.7,0.55793744,55.0499992370605,66.5400009155273,57.6894095484878
TGO,Togo,2022,362.0,14.28142408,4.253183,78.269,34.7,0.66535133,63.6599998474121,72.5999984741211,57.2667672024373
TGO,Togo,2023,349.0,14.28142408,4.192401,77.05,34.7,0.6805678,63.6599998474121,72.5999984741211,56.7503146967564
TZA,Tanzania,2000,568.0,12.00619063,5.67,132.511,86.9,0.74586421,62.1699981689453,69.4300003051758,77.8055835959365
TZA,Tanzania,2001,493.0,11.88865641,5.617,132.32,86.9,1.08908296,62.1699981689453,69.4300003051758,77.4036771346963
TZA,Tanzania,2002,454.0,11.75597182,5.57,132.824,86.9,1.33213437,62.1699981689453,69.4300003051758,76.9693081785435
TZA,Tanzania,2003,397.0,11.61785752,5.578,131.876,86.9,1.49158525,62.1699981689453,69.4300003051758,76.4797912738051
TZA,Tanzania,2004,365.0,11.47726701,5.597,132.137,86.9,1.96674848,62.1699981689453,69.4300003051758,75.9167530880543
TZA,Tanzania,2005,350.0,11.33656089,5.579,132.386,86.9,2.31116962,62.1699981689453,69.4300003051758,75.2938115461259
TZA,Tanzania,2006,366.0,11.20424938,5.511,128.873,86.9,2.37998843,62.1699981689453,69.4300003051758,74.6258966797991
TZA,Tanzania,2007,453.0,11.08579428,5.403,124.168,61.9,1.94105673,62.1699981689453,69.4300003051758,73.9279385208529
TZA,Tanzania,2008,511.0,10.96960216,5.324,120.677,61.9,2.25783944,62.1699981689453,69.4300003051758,73.2148671010665
TZA,Tanzania,2009,502.0,10.85722255,5.26,118.201,61.9,1.48484647,62.1699981689453,69.4300003051758,72.501612452219
TZA,Tanzania,2010,486.0,10.74361056,5.225,117.292,61.9,1.4499774,62.1699981689453,69.4300003051758,71.8031046060895
TZA,Tanzania,2011,475.0,10.62609584,5.141,115.6,51.5,1.28681624,62.1699981689453,69.4300003051758,71.134273594457
TZA,Tanzania,2012,448.0,10.50647386,5.137,115.816,51.5,1.17573333,73.3499984741211,78.0999984741211,70.5121235402089
TZA,Tanzania,2013,479.0,10.38917655,5.156,121.148,51.5,1.18517053,73.3499984741211,78.0999984741211,69.9274891217498
TZA,Tanzania,2014,454.0,10.27349318,5.122,124.92,51.5,1.19945395,74.095806063519,79.8949432291161,69.3556922829258
TZA,Tanzania,2015,433.0,10.1609009,5.025,122.757,51.5,1.25726104,73.0899963378906,77.8899993896484,68.7938433407528
TZA,Tanzania,2016,396.0,10.05034165,5.006,122.395,51.5,1.61013722,73.0899963378906,77.8899993896484,68.2422696757084
TZA,Tanzania,2017,345.0,9.949520744,4.988,122.023,51.5,1.55679071,73.0899963378906,77.8899993896484,67.7012986682704
TZA,Tanzania,2018,319.0,9.858198631,4.932,120.641,51.3,1.62666011,73.0899963378906,77.8899993896484,67.1712576989166
TZA,Tanzania,2019,292.0,9.776668133,4.866,118.798,51.3,1.6312809,73.0899963378906,77.8899993896484,66.6524741481248
TZA,Tanzania,2020,160.0,9.703563588,4.801,117.034,51.3,0.86159378,78.4582997743448,82.2361019196766,66.1452753963727
TZA,Tanzania,2021,162.0,9.703563588,4.734,115.452,51.3,0.94497848,78.4582997743448,82.2361019196766,65.6499888241381
TZA,Tanzania,2022,152.0,9.703563588,4.671,114.29,51.3,0.98185784,73.129997253418,78.2099990844727,65.1765263622853
TZA,Tanzania,2023,276.0,9.703563588,4.606,113.209,51.3,0.96664101,73.129997253418,78.2099990844727,64.5251980565046
UGA,Uganda,2000,475.0,15.697290384999999,6.788,169.238,78.6,1.26869214,58.9099998474121,68.1399993896484,88.3585241874813
UGA,Uganda,2001,440.0,15.665397805,6.757,164.968,78.6,1.35010099,58.9099998474121,68.1399993896484,88.0986110259912
UGA,Uganda,2002,416.0,15.630515429999999,6.735,159.574,78.6,1.46629059,58.9099998474121,68.1399993896484,87.797206425445
UGA,Uganda,2003,395.0,15.595847745,6.671,153.725,78.6,1.47303784,58.9099998474121,68.1399993896484,87.4095863280683
UGA,Uganda,2004,384.0,15.567310280000001,6.612,151.566,78.6,1.36708832,58.9099998474121,68.1399993896484,86.8778881599385
UGA,Uganda,2005,417.0,15.552752475,6.525,147.624,72.4,1.03255773,58.9099998474121,68.1399993896484,86.2092760503277
UGA,Uganda,2006,409.0,15.541456075,6.429,146.457,72.4,0.98067528,62.0800018310547,71.370002746582,85.4148479725353
UGA,Uganda,2007,345.0,15.51532823,6.326,144.05,72.4,1.03115988,62.0800018310547,71.370002746582,84.505701899861
UGA,Uganda,2008,324.0,15.428180665,6.202,139.763,72.4,0.93871653,62.0800018310547,71.370002746582,83.4929358056045
UGA,Uganda,2009,322.0,15.32522103,6.124,135.999,63.5,0.82681918,62.0800018310547,71.370002746582,82.3876476630652
UGA,Uganda,2010,304.0,15.243022195,6.019,132.525,63.5,1.09722447,64.5899963378906,73.2099990844727,81.2009354455428
UGA,Uganda,2011,295.0,15.151968395,5.885,132.519,63.5,0.90863341,64.5899963378906,73.2099990844727,79.9438971263369
UGA,Uganda,2012,285.0,15.07199299,5.729,132.2,56.2,0.9248504,61.9700012207031,70.1999969482422,78.627630678747
UGA,Uganda,2013,308.0,14.99208548,5.563,130.443,56.2,0.97432142,61.9700012207031,70.1999969482422,77.2632340760729
UGA,Uganda,2014,311.0,14.917530235000001,5.408,128.09,56.2,0.95077145,61.8400001525879,68.5100021362305,75.8061496608174
UGA,Uganda,2015,299.0,14.851265954999999,5.251,126.116,56.2,0.75713688,61.8400001525879,68.5100021362305,75.0222143439573
UGA,Uganda,2016,272.0,14.816075175000002,5.112,121.568,60.1,0.78636652,61.0,69.0999984741211,74.3046432865902
UGA,Uganda,2017,246.0,14.798222915,4.987,118.53,60.1,0.63865817,61.0,69.0999984741211,73.5860739420454
UGA,Uganda,2018,232.0,14.777195585000001,4.867,117.279,60.1,0.67459893,61.0,69.0999984741211,72.8719524981116
UGA,Uganda,2019,219.0,14.745987025,4.744,114.989,59.8,0.57344079,61.0,69.0999984741211,72.1630218200597
UGA,Uganda,2020,209.0,14.713359915,4.621,112.94,59.8,1.19107807,61.0,69.0999984741211,71.4600247728498
UGA,Uganda,2021,216.0,14.713359915,4.51,110.964,59.8,1.14727044,73.9306654038013,79.0476540680567,70.7637042210978
UGA,Uganda,2022,184.0,14.713359915,4.388,108.697,59.8,0.98358905,73.9306654038013,79.0476540680567,70.0748030290335
UGA,Uganda,2023,170.0,14.713359915,4.283,106.954,59.8,0.92339057,75.5800018310547,80.5100021362305,69.3940640604505
ZAF,South Africa,2000,175.0,17.17677181,2.413,67.416,47.9,2.68480206,87.0400009155273,88.7200012207031,43.7410045116372
ZAF,South Africa,2001,192.0,17.17616245,2.373,62.892,47.9,2.40290713,87.0400009155273,88.7200012207031,42.9985660621731
ZAF,South Africa,2002,225.0,17.15690053,2.324,60.08,47.9,2.30570102,87.0400009155273,88.7200012207031,42.3276412471518
ZAF,South Africa,2003,245.0,17.11680143,2.358,59.768,47.9,2.79076648,87.0400009155273,88.7200012207031,41.6275658767934
ZAF,South Africa,2004,259.0,17.05776765,2.436,57.215,47.9,2.73156238,87.0400009155273,88.7200012207031,40.9022609049898
ZAF,South Africa,2005,279.0,16.97958025,2.512,47.844,40.7,2.74503064,87.0400009155273,88.7200012207031,40.1758241621003
ZAF,South Africa,2006,283.0,16.91046577,2.548,48.903,40.7,3.23011708,87.0400009155273,88.7200012207031,39.4723534784843
ZAF,South Africa,2007,272.0,16.8488708,2.545,46.465,40.7,3.30013156,87.0400009155273,88.7200012207031,38.8159466845012
ZAF,South Africa,2008,272.0,16.78825359,2.679,55.677,37.0,3.38493657,87.0400009155273,88.7200012207031,38.2307016105104
ZAF,South Africa,2009,241.0,16.75032076,2.501,57.121,37.0,3.80475187,91.7699966430664,92.8899993896484,37.7407160868713
ZAF,South Africa,2010,226.0,16.70265985,2.445,53.571,27.8,4.00033045,91.7099990844727,92.879997253418,37.3700879439431
ZAF,South Africa,2011,202.0,16.6618405,2.436,57.216,27.8,4.12050819,92.0500030517578,93.0999984741211,37.149372245548
ZAF,South Africa,2012,194.0,16.63272864,2.447,59.668,27.8,4.1403532,92.5899963378906,93.7300033569336,37.0383439696737
ZAF,South Africa,2013,180.0,16.6097749,2.428,64.62,27.8,4.14510202,92.5899963378906,93.7300033569336,36.9475975902966
ZAF,South Africa,2014,162.0,16.60283462,2.424,70.224,27.9,4.3735652,93.0699996948242,94.1399993896484,36.8647672934258
ZAF,South Africa,2015,150.0,16.60022472,2.359,67.979,27.9,4.59632444,93.4100036621094,94.370002746582,36.7903650062769
ZAF,South Africa,2016,141.0,16.61643655,2.261,61.613,27.9,4.57297277,91.9400024414062,91.7399978637695,36.7249026560653
ZAF,South Africa,2017,134.0,16.62769864,2.283,55.999,27.9,4.56554031,91.9400024414062,91.7399978637695,36.6688921700064
ZAF,South Africa,2018,128.0,16.63319905,2.27,51.417,27.9,4.61023474,91.9400024414062,91.7399978637695,36.6228454753159
ZAF,South Africa,2019,119.0,16.63758315,2.264,53.273,27.9,4.80006361,94.5299987792969,95.0199966430664,36.5872744992092
ZAF,South Africa,2020,118.0,16.63838895,2.257,51.614,27.9,5.84510279,94.5299987792969,95.0199966430664,36.5626911689018
ZAF,South Africa,2021,191.0,16.63838895,2.248,52.546,27.9,5.49496222,89.370002746582,90.0,36.5496074116091
ZAF,South Africa,2022,129.0,16.63838895,2.227,51.707,17.4,5.38311863,89.370002746582,90.0,36.5233300789673
ZAF,South Africa,2023,118.0,16.63838895,2.216,51.56,17.4,5.48956871,89.370002746582,90.0,36.4176294836455
ZMB,Zambia,2000,340.0,13.08620842,5.921,155.69,68.0,1.47394264,61.8400001525879,69.1500015258789,64.1264539039613
ZMB,Zambia,2001,306.0,13.01561809,5.848,151.673,68.0,1.92502928,61.8400001525879,69.1500015258789,64.1153517067242
ZMB,Zambia,2002,274.0,12.93706938,5.774,147.335,68.0,1.89818621,61.8400001525879,69.1500015258789,63.9293964269986
ZMB,Zambia,2003,250.0,12.84829539,5.71,145.231,68.0,1.45376873,61.8400001525879,69.1500015258789,63.6141439884125
ZMB,Zambia,2004,260.0,12.75344997,5.698,142.93,68.9,1.31544065,61.8400001525879,69.1500015258789,63.1964118869747
ZMB,Zambia,2005,264.0,12.66022794,5.697,140.835,68.9,1.24335968,61.8400001525879,69.1500015258789,62.7030176186941
ZMB,Zambia,2006,262.0,12.56663465,5.679,139.079,72.0,1.32859325,61.8400001525879,69.1500015258789,62.1607786795796
ZMB,Zambia,2007,324.0,12.47431845,5.613,137.241,72.0,1.48783338,61.8400001525879,69.1500015258789,61.5965125656399
ZMB,Zambia,2008,394.0,12.38397074,5.53,135.285,72.0,1.58524466,61.8400001525879,69.1500015258789,61.0370367728838
ZMB,Zambia,2009,406.0,12.29642585,5.453,133.402,72.0,1.66772234,61.8400001525879,69.1500015258789,60.5091687973204
ZMB,Zambia,2010,332.0,12.2098878,5.359,131.374,71.4,1.55979979,78.0699996948242,83.1399993896484,60.0441142290008
ZMB,Zambia,2011,291.0,12.12708802,5.256,131.144,71.4,1.5735333,78.0699996948242,83.1399993896484,59.6315508174119
ZMB,Zambia,2012,256.0,12.04674461,5.136,131.003,71.4,1.54221773,78.0699996948242,83.1399993896484,59.2301443178404
ZMB,Zambia,2013,213.0,11.96620426,5.014,130.043,71.4,1.30987322,78.0699996948242,83.1399993896484,58.8317733764175
ZMB,Zambia,2014,174.0,11.87839846,4.89,128.961,71.4,1.89382219,78.0699996948242,83.1399993896484,58.4365258341475
ZMB,Zambia,2015,154.0,11.7820269,4.775,128.133,67.9,2.0905416,78.0699996948242,83.1399993896484,58.0444895320348
ZMB,Zambia,2016,158.0,11.67952658,4.669,127.286,67.9,1.71430743,78.0699996948242,83.1399993896484,57.6557523110838
ZMB,Zambia,2017,141.0,11.56909689,4.567,126.058,67.9,2.51039147,78.0699996948242,83.1399993896484,57.2704020122989
ZMB,Zambia,2018,117.0,11.46022147,4.492,124.398,67.9,2.08801126,62.1800003051758,71.129997253418,56.8885264766844
ZMB,Zambia,2019,103.0,11.35540522,4.418,122.903,67.9,2.25830793,62.1800003051758,71.129997253418,56.5102135452448
ZMB,Zambia,2020,99.0,11.24687551,4.323,120.712,67.9,3.59365153,62.1800003051758,81.7530087399265,56.1355510589843
ZMB,Zambia,2021,140.0,11.24687551,4.246,118.744,67.9,2.82306838,74.4631701906389,79.9494621864846,55.7646268589074
ZMB,Zambia,2022,89.0,11.24687551,4.175,117.398,71.7,2.50694346,74.2369830427259,79.9841479741156,55.4011488821531
ZMB,Zambia,2023,85.0,11.24687551,4.101,115.907,71.7,2.43413329,74.2369830427259,79.9841479741156,54.9714146478415
ZWE,Zimbabwe,2000,405.0,12.92193361,4.009,102.221,35.7,2.75333452,93.3600006103516,93.2300033569336,67.6008431146687
ZWE,Zimbabwe,2001,467.0,12.88921474,3.983,102.815,35.7,2.75333452,93.3600006103516,93.2300033569336,67.5000721617164
ZWE,Zimbabwe,2002,418.0,12.86323584,3.925,102.591,35.7,2.75333452,93.3600006103516,93.2300033569336,67.4368115833066
ZWE,Zimbabwe,2003,455.0,12.84273641,3.862,105.058,35.7,2.75333452,93.3600006103516,93.2300033569336,67.3996627686052
ZWE,Zimbabwe,2004,451.0,12.82482373,3.776,106.203,35.7,2.75333452,93.3600006103516,93.2300033569336,67.3721831766127
ZWE,Zimbabwe,2005,454.0,12.80493299,3.693,108.443,35.7,2.75333452,93.3600006103516,93.2300033569336,67.3517290277097
ZWE,Zimbabwe,2006,480.0,12.78629567,3.635,105.255,35.7,2.75333452,93.3600006103516,93.2300033569336,67.3359205358806
ZWE,Zimbabwe,2007,519.0,12.74369631,3.677,104.456,35.7,2.75333452,93.3600006103516,93.2300033569336,67.32237791511
ZWE,Zimbabwe,2008,526.0,12.66985447,3.783,107.837,35.7,2.75333452,93.3600006103516,93.2300033569336,67.3087213793825
ZWE,Zimbabwe,2009,540.0,12.55543953,3.95,110.451,35.7,2.75333452,93.3600006103516,93.2300033569336,67.2925711426825
ZWE,Zimbabwe,2010,567.0,12.41116482,4.04,111.717,35.7,2.75333452,93.3600006103516,93.2300033569336,67.2715474189946
ZWE,Zimbabwe,2011,564.0,12.27540635,4.126,112.391,35.7,2.11964583,93.3600006103516,93.2300033569336,67.2432704223032
ZWE,Zimbabwe,2012,558.0,12.16876452,4.134,110.375,35.7,1.99879277,93.3600006103516,93.2300033569336,67.2068247871672
ZWE,Zimbabwe,2013,525.0,12.11130344,4.111,108.034,35.7,2.01809144,93.3600006103516,93.2300033569336,67.0980656830059
ZWE,Zimbabwe,2014,468.0,12.08794206,4.011,105.623,35.7,2.73156238,93.3600006103516,93.2300033569336,66.8371924029199
ZWE,Zimbabwe,2015,428.0,12.07641919,3.911,102.702,35.7,1.55136275,93.3600006103516,93.2300033569336,66.4387358233126
ZWE,Zimbabwe,2016,411.0,12.05584841,3.828,100.849,35.7,1.37225389,93.3600006103516,93.2300033569336,65.9200539273686
ZWE,Zimbabwe,2017,389.0,12.01485785,3.768,99.053,44.7,1.550982,93.3600006103516,93.2300033569336,65.2985046982727
ZWE,Zimbabwe,2018,386.0,11.95629492,3.744,98.612,44.7,1.59526527,93.3600006103516,93.2300033569336,64.5914461192095
ZWE,Zimbabwe,2019,388.0,11.89115495,3.748,98.733,49.2,0.46115172,93.3600006103516,93.2300033569336,63.8162361733636
ZWE,Zimbabwe,2020,380.0,11.82972993,3.754,98.893,49.2,0.6526891,93.3600006103516,93.2300033569336,62.9902328439198
ZWE,Zimbabwe,2021,446.0,11.82972993,3.765,99.199,49.2,0.87981081,93.3600006103516,93.2300033569336,62.1307941140627
ZWE,Zimbabwe,2022,368.0,11.82972993,3.767,99.484,49.2,1.01829815,93.3600006103516,93.2300033569336,61.2944792830959
ZWE,Zimbabwe,2023,358.0,11.82972993,3.724,98.057,49.2,0.94662845,93.3600006103516,93.2300033569336,60.7080629204205
